codigo_dane,municipio,anio,mes,probabilidad,prediccion
68001,Bucaramanga,2025,1,0.07666666666666666,0
68001,Bucaramanga,2025,2,0.016666666666666666,0
68001,Bucaramanga,2025,3,0.26666666666666666,0
68001,Bucaramanga,2025,4,0.5133333333333333,1
68001,Bucaramanga,2025,5,0.42,0
68001,Bucaramanga,2025,6,0.056666666666666664,0
68001,Bucaramanga,2025,7,0.04666666666666667,0
68001,Bucaramanga,2025,8,0.08333333333333333,0
68001,Bucaramanga,2025,9,0.41,0
68001,Bucaramanga,2025,10,0.15333333333333332,0
68001,Bucaramanga,2025,11,0.36,0
68001,Bucaramanga,2025,12,0.04666666666666667,0
68013,Aguada,2025,1,0.0033333333333333335,0
68013,Aguada,2025,2,0.0,0
68013,Aguada,2025,3,0.01,0
68013,Aguada,2025,4,0.33,0
68013,Aguada,2025,5,0.09,0
68013,Aguada,2025,6,0.07666666666666666,0
68013,Aguada,2025,7,0.13666666666666666,0
68013,Aguada,2025,8,0.02,0
68013,Aguada,2025,9,0.3433333333333333,0
68013,Aguada,2025,10,0.03,0
68013,Aguada,2025,11,0.21333333333333335,0
68013,Aguada,2025,12,0.01,0
68020,Albania,2025,1,0.0,0
68020,Albania,2025,2,0.0,0
68020,Albania,2025,3,0.0033333333333333335,0
68020,Albania,2025,4,0.07,0
68020,Albania,2025,5,0.04666666666666667,0
68020,Albania,2025,6,0.03666666666666667,0
68020,Albania,2025,7,0.016666666666666666,0
68020,Albania,2025,8,0.013333333333333334,0
68020,Albania,2025,9,0.43,0
68020,Albania,2025,10,0.41,0
68020,Albania,2025,11,0.5533333333333333,1
68020,Albania,2025,12,0.056666666666666664,0
68051,Aratoca,2025,1,0.02,0
68051,Aratoca,2025,2,0.17666666666666667,0
68051,Aratoca,2025,3,0.12333333333333334,0
68051,Aratoca,2025,4,0.18666666666666668,0
68051,Aratoca,2025,5,0.3933333333333333,0
68051,Aratoca,2025,6,0.02666666666666667,0
68051,Aratoca,2025,7,0.04,0
68051,Aratoca,2025,8,0.023333333333333334,0
68051,Aratoca,2025,9,0.18333333333333332,0
68051,Aratoca,2025,10,0.15333333333333332,0
68051,Aratoca,2025,11,0.3333333333333333,0
68051,Aratoca,2025,12,0.08333333333333333,0
68077,Barbosa,2025,1,0.08666666666666667,0
68077,Barbosa,2025,2,0.07333333333333333,0
68077,Barbosa,2025,3,0.09,0
68077,Barbosa,2025,4,0.2833333333333333,0
68077,Barbosa,2025,5,0.61,1
68077,Barbosa,2025,6,0.21666666666666667,0
68077,Barbosa,2025,7,0.05333333333333334,0
68077,Barbosa,2025,8,0.10666666666666667,0
68077,Barbosa,2025,9,0.43,0
68077,Barbosa,2025,10,0.29,0
68077,Barbosa,2025,11,0.08333333333333333,0
68077,Barbosa,2025,12,0.07,0
68079,Barichara,2025,1,0.0,0
68079,Barichara,2025,2,0.03,0
68079,Barichara,2025,3,0.056666666666666664,0
68079,Barichara,2025,4,0.04666666666666667,0
68079,Barichara,2025,5,0.19666666666666666,0
68079,Barichara,2025,6,0.03666666666666667,0
68079,Barichara,2025,7,0.043333333333333335,0
68079,Barichara,2025,8,0.03,0
68079,Barichara,2025,9,0.14666666666666667,0
68079,Barichara,2025,10,0.19,0
68079,Barichara,2025,11,0.31666666666666665,0
68079,Barichara,2025,12,0.03,0
68081,Barrancabermeja,2025,1,0.016666666666666666,0
68081,Barrancabermeja,2025,2,0.0,0
68081,Barrancabermeja,2025,3,0.06,0
68081,Barrancabermeja,2025,4,0.18666666666666668,0
68081,Barrancabermeja,2025,5,0.21666666666666667,0
68081,Barrancabermeja,2025,6,0.05333333333333334,0
68081,Barrancabermeja,2025,7,0.4666666666666667,0
68081,Barrancabermeja,2025,8,0.23333333333333334,0
68081,Barrancabermeja,2025,9,0.31333333333333335,0
68081,Barrancabermeja,2025,10,0.47333333333333333,0
68081,Barrancabermeja,2025,11,0.5266666666666666,1
68081,Barrancabermeja,2025,12,0.27,0
68092,Betulia,2025,1,0.01,0
68092,Betulia,2025,2,0.0033333333333333335,0
68092,Betulia,2025,3,0.016666666666666666,0
68092,Betulia,2025,4,0.5966666666666667,1
68092,Betulia,2025,5,0.08666666666666667,0
68092,Betulia,2025,6,0.006666666666666667,0
68092,Betulia,2025,7,0.08,0
68092,Betulia,2025,8,0.02,0
68092,Betulia,2025,9,0.0033333333333333335,0
68092,Betulia,2025,10,0.023333333333333334,0
68092,Betulia,2025,11,0.08,0
68092,Betulia,2025,12,0.0033333333333333335,0
68101,Bolívar,2025,1,0.016666666666666666,0
68101,Bolívar,2025,2,0.01,0
68101,Bolívar,2025,3,0.03666666666666667,0
68101,Bolívar,2025,4,0.5066666666666667,1
68101,Bolívar,2025,5,0.5133333333333333,1
68101,Bolívar,2025,6,0.15666666666666668,0
68101,Bolívar,2025,7,0.22,0
68101,Bolívar,2025,8,0.27666666666666667,0
68101,Bolívar,2025,9,0.18666666666666668,0
68101,Bolívar,2025,10,0.5766666666666667,1
68101,Bolívar,2025,11,0.13333333333333333,0
68101,Bolívar,2025,12,0.19333333333333333,0
68121,Cabrera,2025,1,0.0,0
68121,Cabrera,2025,2,0.0,0
68121,Cabrera,2025,3,0.03666666666666667,0
68121,Cabrera,2025,4,0.19666666666666666,0
68121,Cabrera,2025,5,0.8466666666666667,1
68121,Cabrera,2025,6,0.09333333333333334,0
68121,Cabrera,2025,7,0.04,0
68121,Cabrera,2025,8,0.03333333333333333,0
68121,Cabrera,2025,9,0.07333333333333333,0
68121,Cabrera,2025,10,0.0033333333333333335,0
68121,Cabrera,2025,11,0.06333333333333334,0
68121,Cabrera,2025,12,0.03,0
68132,California,2025,1,0.09,0
68132,California,2025,2,0.02666666666666667,0
68132,California,2025,3,0.14666666666666667,0
68132,California,2025,4,0.36666666666666664,0
68132,California,2025,5,0.33,0
68132,California,2025,6,0.056666666666666664,0
68132,California,2025,7,0.03666666666666667,0
68132,California,2025,8,0.016666666666666666,0
68132,California,2025,9,0.18666666666666668,0
68132,California,2025,10,0.24666666666666667,0
68132,California,2025,11,0.10333333333333333,0
68132,California,2025,12,0.59,1
68147,Capitanejo,2025,1,0.0,0
68147,Capitanejo,2025,2,0.0,0
68147,Capitanejo,2025,3,0.04666666666666667,0
68147,Capitanejo,2025,4,0.26,0
68147,Capitanejo,2025,5,0.32666666666666666,0
68147,Capitanejo,2025,6,0.03666666666666667,0
68147,Capitanejo,2025,7,0.023333333333333334,0
68147,Capitanejo,2025,8,0.023333333333333334,0
68147,Capitanejo,2025,9,0.006666666666666667,0
68147,Capitanejo,2025,10,0.006666666666666667,0
68147,Capitanejo,2025,11,0.21,0
68147,Capitanejo,2025,12,0.0,0
68152,Carcasí,2025,1,0.0,0
68152,Carcasí,2025,2,0.056666666666666664,0
68152,Carcasí,2025,3,0.19,0
68152,Carcasí,2025,4,0.36666666666666664,0
68152,Carcasí,2025,5,0.5,0
68152,Carcasí,2025,6,0.056666666666666664,0
68152,Carcasí,2025,7,0.08666666666666667,0
68152,Carcasí,2025,8,0.16333333333333333,0
68152,Carcasí,2025,9,0.43,0
68152,Carcasí,2025,10,0.7033333333333334,1
68152,Carcasí,2025,11,0.5966666666666667,1
68152,Carcasí,2025,12,0.08333333333333333,0
68160,Cepitá,2025,1,0.0033333333333333335,0
68160,Cepitá,2025,2,0.0033333333333333335,0
68160,Cepitá,2025,3,0.016666666666666666,0
68160,Cepitá,2025,4,0.11333333333333333,0
68160,Cepitá,2025,5,0.11333333333333333,0
68160,Cepitá,2025,6,0.056666666666666664,0
68160,Cepitá,2025,7,0.0,0
68160,Cepitá,2025,8,0.04666666666666667,0
68160,Cepitá,2025,9,0.01,0
68160,Cepitá,2025,10,0.03333333333333333,0
68160,Cepitá,2025,11,0.4033333333333333,0
68160,Cepitá,2025,12,0.0,0
68162,Cerrito,2025,1,0.16333333333333333,0
68162,Cerrito,2025,2,0.03333333333333333,0
68162,Cerrito,2025,3,0.12,0
68162,Cerrito,2025,4,0.22,0
68162,Cerrito,2025,5,0.48333333333333334,0
68162,Cerrito,2025,6,0.18,0
68162,Cerrito,2025,7,0.04666666666666667,0
68162,Cerrito,2025,8,0.23666666666666666,0
68162,Cerrito,2025,9,0.09333333333333334,0
68162,Cerrito,2025,10,0.2833333333333333,0
68162,Cerrito,2025,11,0.6533333333333333,1
68162,Cerrito,2025,12,0.28,0
68167,Charalá,2025,1,0.0,0
68167,Charalá,2025,2,0.16333333333333333,0
68167,Charalá,2025,3,0.02,0
68167,Charalá,2025,4,0.26,0
68167,Charalá,2025,5,0.41333333333333333,0
68167,Charalá,2025,6,0.23666666666666666,0
68167,Charalá,2025,7,0.06333333333333334,0
68167,Charalá,2025,8,0.016666666666666666,0
68167,Charalá,2025,9,0.20333333333333334,0
68167,Charalá,2025,10,0.24,0
68167,Charalá,2025,11,0.02666666666666667,0
68167,Charalá,2025,12,0.19333333333333333,0
68169,Charta,2025,1,0.0,0
68169,Charta,2025,2,0.0033333333333333335,0
68169,Charta,2025,3,0.36333333333333334,0
68169,Charta,2025,4,0.36333333333333334,0
68169,Charta,2025,5,0.8366666666666667,1
68169,Charta,2025,6,0.016666666666666666,0
68169,Charta,2025,7,0.0033333333333333335,0
68169,Charta,2025,8,0.4266666666666667,0
68169,Charta,2025,9,0.09666666666666666,0
68169,Charta,2025,10,0.25,0
68169,Charta,2025,11,0.4533333333333333,0
68169,Charta,2025,12,0.4633333333333333,0
68176,Chima,2025,1,0.0,0
68176,Chima,2025,2,0.0033333333333333335,0
68176,Chima,2025,3,0.01,0
68176,Chima,2025,4,0.82,1
68176,Chima,2025,5,0.27666666666666667,0
68176,Chima,2025,6,0.03666666666666667,0
68176,Chima,2025,7,0.056666666666666664,0
68176,Chima,2025,8,0.0033333333333333335,0
68176,Chima,2025,9,0.07,0
68176,Chima,2025,10,0.3466666666666667,0
68176,Chima,2025,11,0.34,0
68176,Chima,2025,12,0.07,0
68179,Chipatá,2025,1,0.0,0
68179,Chipatá,2025,2,0.0,0
68179,Chipatá,2025,3,0.04,0
68179,Chipatá,2025,4,0.09,0
68179,Chipatá,2025,5,0.15,0
68179,Chipatá,2025,6,0.07666666666666666,0
68179,Chipatá,2025,7,0.013333333333333334,0
68179,Chipatá,2025,8,0.08,0
68179,Chipatá,2025,9,0.18666666666666668,0
68179,Chipatá,2025,10,0.23666666666666666,0
68179,Chipatá,2025,11,0.33666666666666667,0
68179,Chipatá,2025,12,0.47333333333333333,0
68190,Cimitarra,2025,1,0.0,0
68190,Cimitarra,2025,2,0.013333333333333334,0
68190,Cimitarra,2025,3,0.05,0
68190,Cimitarra,2025,4,0.013333333333333334,0
68190,Cimitarra,2025,5,0.03333333333333333,0
68190,Cimitarra,2025,6,0.13,0
68190,Cimitarra,2025,7,0.06666666666666667,0
68190,Cimitarra,2025,8,0.18333333333333332,0
68190,Cimitarra,2025,9,0.73,1
68190,Cimitarra,2025,10,0.4633333333333333,0
68190,Cimitarra,2025,11,0.9966666666666667,1
68190,Cimitarra,2025,12,0.03,0
68207,Concepción,2025,1,0.0033333333333333335,0
68207,Concepción,2025,2,0.02,0
68207,Concepción,2025,3,0.23333333333333334,0
68207,Concepción,2025,4,0.6133333333333333,1
68207,Concepción,2025,5,0.42333333333333334,0
68207,Concepción,2025,6,0.3233333333333333,0
68207,Concepción,2025,7,0.2833333333333333,0
68207,Concepción,2025,8,0.2966666666666667,0
68207,Concepción,2025,9,0.03666666666666667,0
68207,Concepción,2025,10,0.67,1
68207,Concepción,2025,11,0.25333333333333335,0
68207,Concepción,2025,12,0.11,0
68209,Confines,2025,1,0.03,0
68209,Confines,2025,2,0.0,0
68209,Confines,2025,3,0.0,0
68209,Confines,2025,4,0.06333333333333334,0
68209,Confines,2025,5,0.16333333333333333,0
68209,Confines,2025,6,0.02666666666666667,0
68209,Confines,2025,7,0.11666666666666667,0
68209,Confines,2025,8,0.02666666666666667,0
68209,Confines,2025,9,0.023333333333333334,0
68209,Confines,2025,10,0.32666666666666666,0
68209,Confines,2025,11,0.04,0
68209,Confines,2025,12,0.09,0
68211,Contratación,2025,1,0.0,0
68211,Contratación,2025,2,0.0033333333333333335,0
68211,Contratación,2025,3,0.08,0
68211,Contratación,2025,4,0.30333333333333334,0
68211,Contratación,2025,5,0.48,0
68211,Contratación,2025,6,0.13333333333333333,0
68211,Contratación,2025,7,0.15333333333333332,0
68211,Contratación,2025,8,0.04666666666666667,0
68211,Contratación,2025,9,0.1,0
68211,Contratación,2025,10,0.24333333333333335,0
68211,Contratación,2025,11,0.23333333333333334,0
68211,Contratación,2025,12,0.5,0
68217,Coromoro,2025,1,0.0,0
68217,Coromoro,2025,2,0.0,0
68217,Coromoro,2025,3,0.006666666666666667,0
68217,Coromoro,2025,4,0.38666666666666666,0
68217,Coromoro,2025,5,0.6333333333333333,1
68217,Coromoro,2025,6,0.21,0
68217,Coromoro,2025,7,0.04666666666666667,0
68217,Coromoro,2025,8,0.11,0
68217,Coromoro,2025,9,0.14666666666666667,0
68217,Coromoro,2025,10,0.08333333333333333,0
68217,Coromoro,2025,11,0.5866666666666667,1
68217,Coromoro,2025,12,0.02,0
68229,Curití,2025,1,0.0,0
68229,Curití,2025,2,0.0,0
68229,Curití,2025,3,0.056666666666666664,0
68229,Curití,2025,4,0.31,0
68229,Curití,2025,5,0.32,0
68229,Curití,2025,6,0.07333333333333333,0
68229,Curití,2025,7,0.09333333333333334,0
68229,Curití,2025,8,0.08,0
68229,Curití,2025,9,0.09,0
68229,Curití,2025,10,0.5166666666666667,1
68229,Curití,2025,11,0.15,0
68229,Curití,2025,12,0.023333333333333334,0
68235,El Carmen de Chucurí,2025,1,0.023333333333333334,0
68235,El Carmen de Chucurí,2025,2,0.0,0
68235,El Carmen de Chucurí,2025,3,0.023333333333333334,0
68235,El Carmen de Chucurí,2025,4,0.35333333333333333,0
68235,El Carmen de Chucurí,2025,5,0.36,0
68235,El Carmen de Chucurí,2025,6,0.013333333333333334,0
68235,El Carmen de Chucurí,2025,7,0.07333333333333333,0
68235,El Carmen de Chucurí,2025,8,0.0033333333333333335,0
68235,El Carmen de Chucurí,2025,9,0.01,0
68235,El Carmen de Chucurí,2025,10,0.36333333333333334,0
68235,El Carmen de Chucurí,2025,11,0.12,0
68235,El Carmen de Chucurí,2025,12,0.006666666666666667,0
68245,El Guacamayo,2025,1,0.0,0
68245,El Guacamayo,2025,2,0.0,0
68245,El Guacamayo,2025,3,0.03333333333333333,0
68245,El Guacamayo,2025,4,0.45,0
68245,El Guacamayo,2025,5,0.3433333333333333,0
68245,El Guacamayo,2025,6,0.03666666666666667,0
68245,El Guacamayo,2025,7,0.016666666666666666,0
68245,El Guacamayo,2025,8,0.02,0
68245,El Guacamayo,2025,9,0.45,0
68245,El Guacamayo,2025,10,0.62,1
68245,El Guacamayo,2025,11,0.11333333333333333,0
68245,El Guacamayo,2025,12,0.08666666666666667,0
68250,El Peñón,2025,1,0.05,0
68250,El Peñón,2025,2,0.0,0
68250,El Peñón,2025,3,0.08333333333333333,0
68250,El Peñón,2025,4,0.7533333333333333,1
68250,El Peñón,2025,5,0.43333333333333335,0
68250,El Peñón,2025,6,0.17,0
68250,El Peñón,2025,7,0.05,0
68250,El Peñón,2025,8,0.25666666666666665,0
68250,El Peñón,2025,9,0.62,1
68250,El Peñón,2025,10,0.11,0
68250,El Peñón,2025,11,0.31333333333333335,0
68250,El Peñón,2025,12,0.09333333333333334,0
68255,El Playón,2025,1,0.0033333333333333335,0
68255,El Playón,2025,2,0.34,0
68255,El Playón,2025,3,0.12,0
68255,El Playón,2025,4,0.33,0
68255,El Playón,2025,5,0.2733333333333333,0
68255,El Playón,2025,6,0.08333333333333333,0
68255,El Playón,2025,7,0.08666666666666667,0
68255,El Playón,2025,8,0.05333333333333334,0
68255,El Playón,2025,9,0.08666666666666667,0
68255,El Playón,2025,10,0.3566666666666667,0
68255,El Playón,2025,11,0.19666666666666666,0
68255,El Playón,2025,12,0.01,0
68264,Encino,2025,1,0.043333333333333335,0
68264,Encino,2025,2,0.09333333333333334,0
68264,Encino,2025,3,0.9466666666666667,1
68264,Encino,2025,4,0.6433333333333333,1
68264,Encino,2025,5,0.22,0
68264,Encino,2025,6,0.11333333333333333,0
68264,Encino,2025,7,0.20666666666666667,0
68264,Encino,2025,8,0.09,0
68264,Encino,2025,9,0.07333333333333333,0
68264,Encino,2025,10,0.33,0
68264,Encino,2025,11,0.7066666666666667,1
68264,Encino,2025,12,0.4066666666666667,0
68266,Enciso,2025,1,0.0,0
68266,Enciso,2025,2,0.0,0
68266,Enciso,2025,3,0.03333333333333333,0
68266,Enciso,2025,4,0.09,0
68266,Enciso,2025,5,0.023333333333333334,0
68266,Enciso,2025,6,0.06,0
68266,Enciso,2025,7,0.02,0
68266,Enciso,2025,8,0.0033333333333333335,0
68266,Enciso,2025,9,0.09666666666666666,0
68266,Enciso,2025,10,0.4066666666666667,0
68266,Enciso,2025,11,0.08666666666666667,0
68266,Enciso,2025,12,0.006666666666666667,0
68271,Florián,2025,1,0.0033333333333333335,0
68271,Florián,2025,2,0.0,0
68271,Florián,2025,3,0.06333333333333334,0
68271,Florián,2025,4,0.09333333333333334,0
68271,Florián,2025,5,0.17,0
68271,Florián,2025,6,0.23333333333333334,0
68271,Florián,2025,7,0.03333333333333333,0
68271,Florián,2025,8,0.07,0
68271,Florián,2025,9,0.19,0
68271,Florián,2025,10,0.16333333333333333,0
68271,Florián,2025,11,0.06333333333333334,0
68271,Florián,2025,12,0.10666666666666667,0
68276,Floridablanca,2025,1,0.0,0
68276,Floridablanca,2025,2,0.0033333333333333335,0
68276,Floridablanca,2025,3,0.10666666666666667,0
68276,Floridablanca,2025,4,0.39666666666666667,0
68276,Floridablanca,2025,5,0.6633333333333333,1
68276,Floridablanca,2025,6,0.17,0
68276,Floridablanca,2025,7,0.35,0
68276,Floridablanca,2025,8,0.05333333333333334,0
68276,Floridablanca,2025,9,0.27,0
68276,Floridablanca,2025,10,0.43,0
68276,Floridablanca,2025,11,0.31333333333333335,0
68276,Floridablanca,2025,12,0.03666666666666667,0
68296,Galán,2025,1,0.0,0
68296,Galán,2025,2,0.0033333333333333335,0
68296,Galán,2025,3,0.1,0
68296,Galán,2025,4,0.5666666666666667,1
68296,Galán,2025,5,0.35,0
68296,Galán,2025,6,0.03333333333333333,0
68296,Galán,2025,7,0.02666666666666667,0
68296,Galán,2025,8,0.11,0
68296,Galán,2025,9,0.02,0
68296,Galán,2025,10,0.023333333333333334,0
68296,Galán,2025,11,0.14666666666666667,0
68296,Galán,2025,12,0.10666666666666667,0
68298,Gámbita,2025,1,0.0,0
68298,Gámbita,2025,2,0.01,0
68298,Gámbita,2025,3,0.03666666666666667,0
68298,Gámbita,2025,4,0.17333333333333334,0
68298,Gámbita,2025,5,0.35,0
68298,Gámbita,2025,6,0.18333333333333332,0
68298,Gámbita,2025,7,0.44,0
68298,Gámbita,2025,8,0.17666666666666667,0
68298,Gámbita,2025,9,0.12,0
68298,Gámbita,2025,10,0.2833333333333333,0
68298,Gámbita,2025,11,0.6233333333333333,1
68298,Gámbita,2025,12,0.12333333333333334,0
68307,Girón,2025,1,0.0033333333333333335,0
68307,Girón,2025,2,0.0,0
68307,Girón,2025,3,0.023333333333333334,0
68307,Girón,2025,4,0.12,0
68307,Girón,2025,5,0.09666666666666666,0
68307,Girón,2025,6,0.02666666666666667,0
68307,Girón,2025,7,0.03,0
68307,Girón,2025,8,0.05333333333333334,0
68307,Girón,2025,9,0.3,0
68307,Girón,2025,10,0.07666666666666666,0
68307,Girón,2025,11,0.37333333333333335,0
68307,Girón,2025,12,0.013333333333333334,0
68318,Guaca,2025,1,0.03,0
68318,Guaca,2025,2,0.0,0
68318,Guaca,2025,3,0.043333333333333335,0
68318,Guaca,2025,4,0.38,0
68318,Guaca,2025,5,0.58,1
68318,Guaca,2025,6,0.08666666666666667,0
68318,Guaca,2025,7,0.24333333333333335,0
68318,Guaca,2025,8,0.37666666666666665,0
68318,Guaca,2025,9,0.25333333333333335,0
68318,Guaca,2025,10,0.34,0
68318,Guaca,2025,11,0.04666666666666667,0
68318,Guaca,2025,12,0.06333333333333334,0
68320,Guadalupe,2025,1,0.01,0
68320,Guadalupe,2025,2,0.0,0
68320,Guadalupe,2025,3,0.05,0
68320,Guadalupe,2025,4,0.6366666666666667,1
68320,Guadalupe,2025,5,0.24666666666666667,0
68320,Guadalupe,2025,6,0.11666666666666667,0
68320,Guadalupe,2025,7,0.02,0
68320,Guadalupe,2025,8,0.03333333333333333,0
68320,Guadalupe,2025,9,0.22666666666666666,0
68320,Guadalupe,2025,10,0.09,0
68320,Guadalupe,2025,11,0.24333333333333335,0
68320,Guadalupe,2025,12,0.023333333333333334,0
68322,Guapotá,2025,1,0.006666666666666667,0
68322,Guapotá,2025,2,0.0033333333333333335,0
68322,Guapotá,2025,3,0.57,1
68322,Guapotá,2025,4,0.37666666666666665,0
68322,Guapotá,2025,5,0.17333333333333334,0
68322,Guapotá,2025,6,0.03333333333333333,0
68322,Guapotá,2025,7,0.06666666666666667,0
68322,Guapotá,2025,8,0.07,0
68322,Guapotá,2025,9,0.22,0
68322,Guapotá,2025,10,0.9366666666666666,1
68322,Guapotá,2025,11,0.03666666666666667,0
68322,Guapotá,2025,12,0.02666666666666667,0
68324,Guavatá,2025,1,0.04,0
68324,Guavatá,2025,2,0.043333333333333335,0
68324,Guavatá,2025,3,0.09666666666666666,0
68324,Guavatá,2025,4,0.7166666666666667,1
68324,Guavatá,2025,5,0.48,0
68324,Guavatá,2025,6,0.07,0
68324,Guavatá,2025,7,0.08,0
68324,Guavatá,2025,8,0.22,0
68324,Guavatá,2025,9,0.09666666666666666,0
68324,Guavatá,2025,10,0.2833333333333333,0
68324,Guavatá,2025,11,0.11666666666666667,0
68324,Guavatá,2025,12,0.07,0
68327,Güepsa,2025,1,0.0,0
68327,Güepsa,2025,2,0.0,0
68327,Güepsa,2025,3,0.5066666666666667,1
68327,Güepsa,2025,4,0.1,0
68327,Güepsa,2025,5,0.07333333333333333,0
68327,Güepsa,2025,6,0.04666666666666667,0
68327,Güepsa,2025,7,0.02666666666666667,0
68327,Güepsa,2025,8,0.06666666666666667,0
68327,Güepsa,2025,9,0.06333333333333334,0
68327,Güepsa,2025,10,0.17666666666666667,0
68327,Güepsa,2025,11,0.17333333333333334,0
68327,Güepsa,2025,12,0.0033333333333333335,0
68344,Hato,2025,1,0.0033333333333333335,0
68344,Hato,2025,2,0.08,0
68344,Hato,2025,3,0.0033333333333333335,0
68344,Hato,2025,4,0.23333333333333334,0
68344,Hato,2025,5,0.4066666666666667,0
68344,Hato,2025,6,0.09333333333333334,0
68344,Hato,2025,7,0.02666666666666667,0
68344,Hato,2025,8,0.006666666666666667,0
68344,Hato,2025,9,0.006666666666666667,0
68344,Hato,2025,10,0.21,0
68344,Hato,2025,11,0.5966666666666667,1
68344,Hato,2025,12,0.01,0
68368,Jesús María,2025,1,0.06333333333333334,0
68368,Jesús María,2025,2,0.0,0
68368,Jesús María,2025,3,0.016666666666666666,0
68368,Jesús María,2025,4,0.35333333333333333,0
68368,Jesús María,2025,5,0.30666666666666664,0
68368,Jesús María,2025,6,0.03666666666666667,0
68368,Jesús María,2025,7,0.15666666666666668,0
68368,Jesús María,2025,8,0.07,0
68368,Jesús María,2025,9,0.23333333333333334,0
68368,Jesús María,2025,10,0.25,0
68368,Jesús María,2025,11,0.3433333333333333,0
68368,Jesús María,2025,12,0.08,0
68370,Jordán,2025,1,0.0,0
68370,Jordán,2025,2,0.006666666666666667,0
68370,Jordán,2025,3,0.15,0
68370,Jordán,2025,4,0.2833333333333333,0
68370,Jordán,2025,5,0.16,0
68370,Jordán,2025,6,0.05,0
68370,Jordán,2025,7,0.0033333333333333335,0
68370,Jordán,2025,8,0.08,0
68370,Jordán,2025,9,0.06,0
68370,Jordán,2025,10,0.17666666666666667,0
68370,Jordán,2025,11,0.006666666666666667,0
68370,Jordán,2025,12,0.03666666666666667,0
68377,La Belleza,2025,1,0.01,0
68377,La Belleza,2025,2,0.023333333333333334,0
68377,La Belleza,2025,3,0.023333333333333334,0
68377,La Belleza,2025,4,0.2866666666666667,0
68377,La Belleza,2025,5,0.9266666666666666,1
68377,La Belleza,2025,6,0.013333333333333334,0
68377,La Belleza,2025,7,0.07666666666666666,0
68377,La Belleza,2025,8,0.15333333333333332,0
68377,La Belleza,2025,9,0.11666666666666667,0
68377,La Belleza,2025,10,0.14666666666666667,0
68377,La Belleza,2025,11,0.3,0
68377,La Belleza,2025,12,0.28,0
68385,Landázuri,2025,1,0.0,0
68385,Landázuri,2025,2,0.006666666666666667,0
68385,Landázuri,2025,3,0.03,0
68385,Landázuri,2025,4,0.6933333333333334,1
68385,Landázuri,2025,5,0.13666666666666666,0
68385,Landázuri,2025,6,0.006666666666666667,0
68385,Landázuri,2025,7,0.06333333333333334,0
68385,Landázuri,2025,8,0.45,0
68385,Landázuri,2025,9,0.18333333333333332,0
68385,Landázuri,2025,10,0.2733333333333333,0
68385,Landázuri,2025,11,0.14,0
68385,Landázuri,2025,12,0.04,0
68397,La Paz,2025,1,0.0,0
68397,La Paz,2025,2,0.10666666666666667,0
68397,La Paz,2025,3,0.21666666666666667,0
68397,La Paz,2025,4,0.23,0
68397,La Paz,2025,5,0.4666666666666667,0
68397,La Paz,2025,6,0.24666666666666667,0
68397,La Paz,2025,7,0.02666666666666667,0
68397,La Paz,2025,8,0.25666666666666665,0
68397,La Paz,2025,9,0.29,0
68397,La Paz,2025,10,0.15333333333333332,0
68397,La Paz,2025,11,0.17333333333333334,0
68397,La Paz,2025,12,0.27,0
68406,Lebrija,2025,1,0.0,0
68406,Lebrija,2025,2,0.0,0
68406,Lebrija,2025,3,0.006666666666666667,0
68406,Lebrija,2025,4,0.48333333333333334,0
68406,Lebrija,2025,5,0.03,0
68406,Lebrija,2025,6,0.06,0
68406,Lebrija,2025,7,0.25,0
68406,Lebrija,2025,8,0.21333333333333335,0
68406,Lebrija,2025,9,0.4,0
68406,Lebrija,2025,10,0.06666666666666667,0
68406,Lebrija,2025,11,0.22333333333333333,0
68406,Lebrija,2025,12,0.0,0
68418,Los Santos,2025,1,0.006666666666666667,0
68418,Los Santos,2025,2,0.0,0
68418,Los Santos,2025,3,0.07333333333333333,0
68418,Los Santos,2025,4,0.28,0
68418,Los Santos,2025,5,0.08666666666666667,0
68418,Los Santos,2025,6,0.0,0
68418,Los Santos,2025,7,0.0,0
68418,Los Santos,2025,8,0.0,0
68418,Los Santos,2025,9,0.016666666666666666,0
68418,Los Santos,2025,10,0.0,0
68418,Los Santos,2025,11,0.8466666666666667,1
68418,Los Santos,2025,12,0.0,0
68425,Macaravita,2025,1,0.0,0
68425,Macaravita,2025,2,0.0,0
68425,Macaravita,2025,3,0.10666666666666667,0
68425,Macaravita,2025,4,0.08333333333333333,0
68425,Macaravita,2025,5,0.36666666666666664,0
68425,Macaravita,2025,6,0.013333333333333334,0
68425,Macaravita,2025,7,0.03666666666666667,0
68425,Macaravita,2025,8,0.2866666666666667,0
68425,Macaravita,2025,9,0.056666666666666664,0
68425,Macaravita,2025,10,0.6033333333333334,1
68425,Macaravita,2025,11,0.12666666666666668,0
68425,Macaravita,2025,12,0.4533333333333333,0
68432,Málaga,2025,1,0.013333333333333334,0
68432,Málaga,2025,2,0.12666666666666668,0
68432,Málaga,2025,3,0.02,0
68432,Málaga,2025,4,0.49333333333333335,0
68432,Málaga,2025,5,0.6166666666666667,1
68432,Málaga,2025,6,0.02666666666666667,0
68432,Málaga,2025,7,0.08666666666666667,0
68432,Málaga,2025,8,0.20333333333333334,0
68432,Málaga,2025,9,0.15666666666666668,0
68432,Málaga,2025,10,0.51,1
68432,Málaga,2025,11,0.26,0
68432,Málaga,2025,12,0.16,0
68444,Matanza,2025,1,0.0033333333333333335,0
68444,Matanza,2025,2,0.0,0
68444,Matanza,2025,3,0.07333333333333333,0
68444,Matanza,2025,4,0.02666666666666667,0
68444,Matanza,2025,5,0.09666666666666666,0
68444,Matanza,2025,6,0.18333333333333332,0
68444,Matanza,2025,7,0.10333333333333333,0
68444,Matanza,2025,8,0.08,0
68444,Matanza,2025,9,0.12666666666666668,0
68444,Matanza,2025,10,0.11333333333333333,0
68444,Matanza,2025,11,0.08666666666666667,0
68444,Matanza,2025,12,0.006666666666666667,0
68464,Mogotes,2025,1,0.0033333333333333335,0
68464,Mogotes,2025,2,0.0,0
68464,Mogotes,2025,3,0.17333333333333334,0
68464,Mogotes,2025,4,0.6366666666666667,1
68464,Mogotes,2025,5,0.7033333333333334,1
68464,Mogotes,2025,6,0.4033333333333333,0
68464,Mogotes,2025,7,0.16,0
68464,Mogotes,2025,8,0.23666666666666666,0
68464,Mogotes,2025,9,0.29,0
68464,Mogotes,2025,10,0.5166666666666667,1
68464,Mogotes,2025,11,0.8066666666666666,1
68464,Mogotes,2025,12,0.06666666666666667,0
68468,Molagavita,2025,1,0.0,0
68468,Molagavita,2025,2,0.0033333333333333335,0
68468,Molagavita,2025,3,0.08666666666666667,0
68468,Molagavita,2025,4,0.18666666666666668,0
68468,Molagavita,2025,5,0.5866666666666667,1
68468,Molagavita,2025,6,0.05333333333333334,0
68468,Molagavita,2025,7,0.06,0
68468,Molagavita,2025,8,0.05333333333333334,0
68468,Molagavita,2025,9,0.09,0
68468,Molagavita,2025,10,0.09333333333333334,0
68468,Molagavita,2025,11,0.2,0
68468,Molagavita,2025,12,0.04,0
68498,Ocamonte,2025,1,0.0033333333333333335,0
68498,Ocamonte,2025,2,0.006666666666666667,0
68498,Ocamonte,2025,3,0.19,0
68498,Ocamonte,2025,4,0.45,0
68498,Ocamonte,2025,5,0.39666666666666667,0
68498,Ocamonte,2025,6,0.12333333333333334,0
68498,Ocamonte,2025,7,0.02,0
68498,Ocamonte,2025,8,0.24666666666666667,0
68498,Ocamonte,2025,9,0.08333333333333333,0
68498,Ocamonte,2025,10,0.13,0
68498,Ocamonte,2025,11,0.05333333333333334,0
68498,Ocamonte,2025,12,0.08666666666666667,0
68500,Oiba,2025,1,0.0033333333333333335,0
68500,Oiba,2025,2,0.0,0
68500,Oiba,2025,3,0.13,0
68500,Oiba,2025,4,0.39666666666666667,0
68500,Oiba,2025,5,0.12,0
68500,Oiba,2025,6,0.05333333333333334,0
68500,Oiba,2025,7,0.16333333333333333,0
68500,Oiba,2025,8,0.11,0
68500,Oiba,2025,9,0.2833333333333333,0
68500,Oiba,2025,10,0.4266666666666667,0
68500,Oiba,2025,11,0.11666666666666667,0
68500,Oiba,2025,12,0.04,0
68502,Onzaga,2025,1,0.03333333333333333,0
68502,Onzaga,2025,2,0.09333333333333334,0
68502,Onzaga,2025,3,0.8733333333333333,1
68502,Onzaga,2025,4,0.11333333333333333,0
68502,Onzaga,2025,5,0.5133333333333333,1
68502,Onzaga,2025,6,0.023333333333333334,0
68502,Onzaga,2025,7,0.38666666666666666,0
68502,Onzaga,2025,8,0.39,0
68502,Onzaga,2025,9,0.33666666666666667,0
68502,Onzaga,2025,10,0.27,0
68502,Onzaga,2025,11,0.23333333333333334,0
68502,Onzaga,2025,12,0.41,0
68522,Palmar,2025,1,0.023333333333333334,0
68522,Palmar,2025,2,0.0,0
68522,Palmar,2025,3,0.03666666666666667,0
68522,Palmar,2025,4,0.8333333333333334,1
68522,Palmar,2025,5,0.5433333333333333,1
68522,Palmar,2025,6,0.01,0
68522,Palmar,2025,7,0.0,0
68522,Palmar,2025,8,0.006666666666666667,0
68522,Palmar,2025,9,0.0,0
68522,Palmar,2025,10,0.016666666666666666,0
68522,Palmar,2025,11,0.006666666666666667,0
68522,Palmar,2025,12,0.03666666666666667,0
68524,Palmas del Socorro,2025,1,0.06666666666666667,0
68524,Palmas del Socorro,2025,2,0.0,0
68524,Palmas del Socorro,2025,3,0.006666666666666667,0
68524,Palmas del Socorro,2025,4,0.14333333333333334,0
68524,Palmas del Socorro,2025,5,0.25666666666666665,0
68524,Palmas del Socorro,2025,6,0.10666666666666667,0
68524,Palmas del Socorro,2025,7,0.016666666666666666,0
68524,Palmas del Socorro,2025,8,0.043333333333333335,0
68524,Palmas del Socorro,2025,9,0.11,0
68524,Palmas del Socorro,2025,10,0.056666666666666664,0
68524,Palmas del Socorro,2025,11,0.31333333333333335,0
68524,Palmas del Socorro,2025,12,0.043333333333333335,0
68533,Páramo,2025,1,0.0033333333333333335,0
68533,Páramo,2025,2,0.0,0
68533,Páramo,2025,3,0.056666666666666664,0
68533,Páramo,2025,4,0.06,0
68533,Páramo,2025,5,0.16666666666666666,0
68533,Páramo,2025,6,0.04,0
68533,Páramo,2025,7,0.013333333333333334,0
68533,Páramo,2025,8,0.0,0
68533,Páramo,2025,9,0.1,0
68533,Páramo,2025,10,0.013333333333333334,0
68533,Páramo,2025,11,0.11,0
68533,Páramo,2025,12,0.0033333333333333335,0
68547,Piedecuesta,2025,1,0.0,0
68547,Piedecuesta,2025,2,0.0,0
68547,Piedecuesta,2025,3,0.08,0
68547,Piedecuesta,2025,4,0.7066666666666667,1
68547,Piedecuesta,2025,5,0.22333333333333333,0
68547,Piedecuesta,2025,6,0.03,0
68547,Piedecuesta,2025,7,0.14,0
68547,Piedecuesta,2025,8,0.08666666666666667,0
68547,Piedecuesta,2025,9,0.07333333333333333,0
68547,Piedecuesta,2025,10,0.043333333333333335,0
68547,Piedecuesta,2025,11,0.03,0
68547,Piedecuesta,2025,12,0.05333333333333334,0
68549,Pinchote,2025,1,0.0,0
68549,Pinchote,2025,2,0.06333333333333334,0
68549,Pinchote,2025,3,0.02,0
68549,Pinchote,2025,4,0.29333333333333333,0
68549,Pinchote,2025,5,0.2,0
68549,Pinchote,2025,6,0.023333333333333334,0
68549,Pinchote,2025,7,0.03666666666666667,0
68549,Pinchote,2025,8,0.0,0
68549,Pinchote,2025,9,0.08,0
68549,Pinchote,2025,10,0.03,0
68549,Pinchote,2025,11,0.25,0
68549,Pinchote,2025,12,0.0,0
68572,Puente Nacional,2025,1,0.02,0
68572,Puente Nacional,2025,2,0.10666666666666667,0
68572,Puente Nacional,2025,3,0.02666666666666667,0
68572,Puente Nacional,2025,4,0.21,0
68572,Puente Nacional,2025,5,0.52,1
68572,Puente Nacional,2025,6,0.16,0
68572,Puente Nacional,2025,7,0.09333333333333334,0
68572,Puente Nacional,2025,8,0.03666666666666667,0
68572,Puente Nacional,2025,9,0.2,0
68572,Puente Nacional,2025,10,0.3566666666666667,0
68572,Puente Nacional,2025,11,0.5866666666666667,1
68572,Puente Nacional,2025,12,0.35,0
68573,Puerto Parra,2025,1,0.006666666666666667,0
68573,Puerto Parra,2025,2,0.0,0
68573,Puerto Parra,2025,3,0.03666666666666667,0
68573,Puerto Parra,2025,4,0.6266666666666667,1
68573,Puerto Parra,2025,5,0.30666666666666664,0
68573,Puerto Parra,2025,6,0.5966666666666667,1
68573,Puerto Parra,2025,7,0.043333333333333335,0
68573,Puerto Parra,2025,8,0.22333333333333333,0
68573,Puerto Parra,2025,9,0.24,0
68573,Puerto Parra,2025,10,0.10333333333333333,0
68573,Puerto Parra,2025,11,0.01,0
68573,Puerto Parra,2025,12,0.11333333333333333,0
68575,Puerto Wilches,2025,1,0.006666666666666667,0
68575,Puerto Wilches,2025,2,0.0033333333333333335,0
68575,Puerto Wilches,2025,3,0.08,0
68575,Puerto Wilches,2025,4,0.3333333333333333,0
68575,Puerto Wilches,2025,5,0.36,0
68575,Puerto Wilches,2025,6,0.14666666666666667,0
68575,Puerto Wilches,2025,7,0.10666666666666667,0
68575,Puerto Wilches,2025,8,0.02,0
68575,Puerto Wilches,2025,9,0.06666666666666667,0
68575,Puerto Wilches,2025,10,0.14333333333333334,0
68575,Puerto Wilches,2025,11,0.06666666666666667,0
68575,Puerto Wilches,2025,12,0.2733333333333333,0
68615,Rionegro,2025,1,0.03666666666666667,0
68615,Rionegro,2025,2,0.0,0
68615,Rionegro,2025,3,0.06333333333333334,0
68615,Rionegro,2025,4,0.15333333333333332,0
68615,Rionegro,2025,5,0.24333333333333335,0
68615,Rionegro,2025,6,0.01,0
68615,Rionegro,2025,7,0.006666666666666667,0
68615,Rionegro,2025,8,0.02,0
68615,Rionegro,2025,9,0.12333333333333334,0
68615,Rionegro,2025,10,0.15333333333333332,0
68615,Rionegro,2025,11,0.13666666666666666,0
68615,Rionegro,2025,12,0.01,0
68655,Sabana de Torres,2025,1,0.0,0
68655,Sabana de Torres,2025,2,0.02,0
68655,Sabana de Torres,2025,3,0.09333333333333334,0
68655,Sabana de Torres,2025,4,0.016666666666666666,0
68655,Sabana de Torres,2025,5,0.13,0
68655,Sabana de Torres,2025,6,0.02,0
68655,Sabana de Torres,2025,7,0.08,0
68655,Sabana de Torres,2025,8,0.06666666666666667,0
68655,Sabana de Torres,2025,9,0.03333333333333333,0
68655,Sabana de Torres,2025,10,0.3433333333333333,0
68655,Sabana de Torres,2025,11,0.0033333333333333335,0
68655,Sabana de Torres,2025,12,0.09666666666666666,0
68669,San Andrés,2025,1,0.18333333333333332,0
68669,San Andrés,2025,2,0.0033333333333333335,0
68669,San Andrés,2025,3,0.01,0
68669,San Andrés,2025,4,0.7766666666666666,1
68669,San Andrés,2025,5,0.48,0
68669,San Andrés,2025,6,0.16333333333333333,0
68669,San Andrés,2025,7,0.08,0
68669,San Andrés,2025,8,0.02,0
68669,San Andrés,2025,9,0.6166666666666667,1
68669,San Andrés,2025,10,0.3933333333333333,0
68669,San Andrés,2025,11,0.54,1
68669,San Andrés,2025,12,0.15,0
68673,San Benito,2025,1,0.016666666666666666,0
68673,San Benito,2025,2,0.016666666666666666,0
68673,San Benito,2025,3,0.02666666666666667,0
68673,San Benito,2025,4,0.15,0
68673,San Benito,2025,5,0.5666666666666667,1
68673,San Benito,2025,6,0.09333333333333334,0
68673,San Benito,2025,7,0.013333333333333334,0
68673,San Benito,2025,8,0.07333333333333333,0
68673,San Benito,2025,9,0.04,0
68673,San Benito,2025,10,0.08666666666666667,0
68673,San Benito,2025,11,0.4866666666666667,0
68673,San Benito,2025,12,0.006666666666666667,0
68679,San Gil,2025,1,0.0,0
68679,San Gil,2025,2,0.0033333333333333335,0
68679,San Gil,2025,3,0.07666666666666666,0
68679,San Gil,2025,4,0.25,0
68679,San Gil,2025,5,0.16666666666666666,0
68679,San Gil,2025,6,0.0,0
68679,San Gil,2025,7,0.006666666666666667,0
68679,San Gil,2025,8,0.14333333333333334,0
68679,San Gil,2025,9,0.02,0
68679,San Gil,2025,10,0.04,0
68679,San Gil,2025,11,0.09666666666666666,0
68679,San Gil,2025,12,0.0,0
68682,San Joaquín,2025,1,0.0,0
68682,San Joaquín,2025,2,0.0,0
68682,San Joaquín,2025,3,0.19333333333333333,0
68682,San Joaquín,2025,4,0.44333333333333336,0
68682,San Joaquín,2025,5,0.6866666666666666,1
68682,San Joaquín,2025,6,0.043333333333333335,0
68682,San Joaquín,2025,7,0.02666666666666667,0
68682,San Joaquín,2025,8,0.08666666666666667,0
68682,San Joaquín,2025,9,0.09666666666666666,0
68682,San Joaquín,2025,10,0.19333333333333333,0
68682,San Joaquín,2025,11,0.9,1
68682,San Joaquín,2025,12,0.023333333333333334,0
68684,San José de Miranda,2025,1,0.02666666666666667,0
68684,San José de Miranda,2025,2,0.056666666666666664,0
68684,San José de Miranda,2025,3,0.11333333333333333,0
68684,San José de Miranda,2025,4,0.5033333333333333,1
68684,San José de Miranda,2025,5,0.48,0
68684,San José de Miranda,2025,6,0.5233333333333333,1
68684,San José de Miranda,2025,7,0.19666666666666666,0
68684,San José de Miranda,2025,8,0.09333333333333334,0
68684,San José de Miranda,2025,9,0.2866666666666667,0
68684,San José de Miranda,2025,10,0.9533333333333334,1
68684,San José de Miranda,2025,11,0.47,0
68684,San José de Miranda,2025,12,0.18666666666666668,0
68686,San Miguel,2025,1,0.0,0
68686,San Miguel,2025,2,0.0,0
68686,San Miguel,2025,3,0.1,0
68686,San Miguel,2025,4,0.23,0
68686,San Miguel,2025,5,0.25333333333333335,0
68686,San Miguel,2025,6,0.043333333333333335,0
68686,San Miguel,2025,7,0.19666666666666666,0
68686,San Miguel,2025,8,0.20333333333333334,0
68686,San Miguel,2025,9,0.06666666666666667,0
68686,San Miguel,2025,10,0.23333333333333334,0
68686,San Miguel,2025,11,0.016666666666666666,0
68686,San Miguel,2025,12,0.15,0
68689,San Vicente de Chucurí,2025,1,0.006666666666666667,0
68689,San Vicente de Chucurí,2025,2,0.016666666666666666,0
68689,San Vicente de Chucurí,2025,3,0.02666666666666667,0
68689,San Vicente de Chucurí,2025,4,0.07666666666666666,0
68689,San Vicente de Chucurí,2025,5,0.42333333333333334,0
68689,San Vicente de Chucurí,2025,6,0.043333333333333335,0
68689,San Vicente de Chucurí,2025,7,0.013333333333333334,0
68689,San Vicente de Chucurí,2025,8,0.0033333333333333335,0
68689,San Vicente de Chucurí,2025,9,0.04666666666666667,0
68689,San Vicente de Chucurí,2025,10,0.016666666666666666,0
68689,San Vicente de Chucurí,2025,11,0.38333333333333336,0
68689,San Vicente de Chucurí,2025,12,0.0,0
68705,Santa Bárbara,2025,1,0.0,0
68705,Santa Bárbara,2025,2,0.0,0
68705,Santa Bárbara,2025,3,0.3933333333333333,0
68705,Santa Bárbara,2025,4,0.16666666666666666,0
68705,Santa Bárbara,2025,5,0.6766666666666666,1
68705,Santa Bárbara,2025,6,0.01,0
68705,Santa Bárbara,2025,7,0.016666666666666666,0
68705,Santa Bárbara,2025,8,0.34,0
68705,Santa Bárbara,2025,9,0.17333333333333334,0
68705,Santa Bárbara,2025,10,0.3233333333333333,0
68705,Santa Bárbara,2025,11,0.21,0
68705,Santa Bárbara,2025,12,0.02,0
68720,Santa Helena del Opón,2025,1,0.013333333333333334,0
68720,Santa Helena del Opón,2025,2,0.20333333333333334,0
68720,Santa Helena del Opón,2025,3,0.11666666666666667,0
68720,Santa Helena del Opón,2025,4,0.37333333333333335,0
68720,Santa Helena del Opón,2025,5,0.31333333333333335,0
68720,Santa Helena del Opón,2025,6,0.04666666666666667,0
68720,Santa Helena del Opón,2025,7,0.01,0
68720,Santa Helena del Opón,2025,8,0.08,0
68720,Santa Helena del Opón,2025,9,0.10333333333333333,0
68720,Santa Helena del Opón,2025,10,0.06333333333333334,0
68720,Santa Helena del Opón,2025,11,0.34,0
68720,Santa Helena del Opón,2025,12,0.01,0
68745,Simacota,2025,1,0.01,0
68745,Simacota,2025,2,0.013333333333333334,0
68745,Simacota,2025,3,0.36333333333333334,0
68745,Simacota,2025,4,0.69,1
68745,Simacota,2025,5,0.31,0
68745,Simacota,2025,6,0.016666666666666666,0
68745,Simacota,2025,7,0.016666666666666666,0
68745,Simacota,2025,8,0.08333333333333333,0
68745,Simacota,2025,9,0.06333333333333334,0
68745,Simacota,2025,10,0.04666666666666667,0
68745,Simacota,2025,11,0.15666666666666668,0
68745,Simacota,2025,12,0.0033333333333333335,0
68755,Socorro,2025,1,0.013333333333333334,0
68755,Socorro,2025,2,0.016666666666666666,0
68755,Socorro,2025,3,0.22666666666666666,0
68755,Socorro,2025,4,0.20666666666666667,0
68755,Socorro,2025,5,0.38,0
68755,Socorro,2025,6,0.016666666666666666,0
68755,Socorro,2025,7,0.013333333333333334,0
68755,Socorro,2025,8,0.01,0
68755,Socorro,2025,9,0.09,0
68755,Socorro,2025,10,0.25,0
68755,Socorro,2025,11,0.31,0
68755,Socorro,2025,12,0.35,0
68770,Suaita,2025,1,0.0,0
68770,Suaita,2025,2,0.06,0
68770,Suaita,2025,3,0.043333333333333335,0
68770,Suaita,2025,4,0.84,1
68770,Suaita,2025,5,0.6266666666666667,1
68770,Suaita,2025,6,0.023333333333333334,0
68770,Suaita,2025,7,0.06,0
68770,Suaita,2025,8,0.07333333333333333,0
68770,Suaita,2025,9,0.08333333333333333,0
68770,Suaita,2025,10,0.31,0
68770,Suaita,2025,11,0.13333333333333333,0
68770,Suaita,2025,12,0.61,1
68773,Sucre,2025,1,0.12,0
68773,Sucre,2025,2,0.21,0
68773,Sucre,2025,3,0.18333333333333332,0
68773,Sucre,2025,4,0.17666666666666667,0
68773,Sucre,2025,5,0.17333333333333334,0
68773,Sucre,2025,6,0.17,0
68773,Sucre,2025,7,0.32,0
68773,Sucre,2025,8,0.4766666666666667,0
68773,Sucre,2025,9,0.2633333333333333,0
68773,Sucre,2025,10,0.67,1
68773,Sucre,2025,11,0.02,0
68773,Sucre,2025,12,0.02,0
68780,Suratá,2025,1,0.006666666666666667,0
68780,Suratá,2025,2,0.04,0
68780,Suratá,2025,3,0.36666666666666664,0
68780,Suratá,2025,4,0.18333333333333332,0
68780,Suratá,2025,5,0.39666666666666667,0
68780,Suratá,2025,6,0.28,0
68780,Suratá,2025,7,0.0,0
68780,Suratá,2025,8,0.05333333333333334,0
68780,Suratá,2025,9,0.14,0
68780,Suratá,2025,10,0.23333333333333334,0
68780,Suratá,2025,11,0.4266666666666667,0
68780,Suratá,2025,12,0.14,0
68820,Tona,2025,1,0.03,0
68820,Tona,2025,2,0.09666666666666666,0
68820,Tona,2025,3,0.22,0
68820,Tona,2025,4,0.3333333333333333,0
68820,Tona,2025,5,0.43,0
68820,Tona,2025,6,0.2,0
68820,Tona,2025,7,0.10333333333333333,0
68820,Tona,2025,8,0.03666666666666667,0
68820,Tona,2025,9,0.37,0
68820,Tona,2025,10,0.31333333333333335,0
68820,Tona,2025,11,0.11666666666666667,0
68820,Tona,2025,12,0.016666666666666666,0
68855,Valle de San José,2025,1,0.0,0
68855,Valle de San José,2025,2,0.0033333333333333335,0
68855,Valle de San José,2025,3,0.02,0
68855,Valle de San José,2025,4,0.12666666666666668,0
68855,Valle de San José,2025,5,0.15666666666666668,0
68855,Valle de San José,2025,6,0.05333333333333334,0
68855,Valle de San José,2025,7,0.15666666666666668,0
68855,Valle de San José,2025,8,0.22,0
68855,Valle de San José,2025,9,0.32666666666666666,0
68855,Valle de San José,2025,10,0.15,0
68855,Valle de San José,2025,11,0.21333333333333335,0
68855,Valle de San José,2025,12,0.09333333333333334,0
68861,Vélez,2025,1,0.02,0
68861,Vélez,2025,2,0.03,0
68861,Vélez,2025,3,0.2633333333333333,0
68861,Vélez,2025,4,0.2,0
68861,Vélez,2025,5,0.4866666666666667,0
68861,Vélez,2025,6,0.22,0
68861,Vélez,2025,7,0.15333333333333332,0
68861,Vélez,2025,8,0.16666666666666666,0
68861,Vélez,2025,9,0.06333333333333334,0
68861,Vélez,2025,10,0.64,1
68861,Vélez,2025,11,0.09666666666666666,0
68861,Vélez,2025,12,0.32666666666666666,0
68867,Vetas,2025,1,0.05,0
68867,Vetas,2025,2,0.14666666666666667,0
68867,Vetas,2025,3,0.08333333333333333,0
68867,Vetas,2025,4,0.08,0
68867,Vetas,2025,5,0.21,0
68867,Vetas,2025,6,0.01,0
68867,Vetas,2025,7,0.10333333333333333,0
68867,Vetas,2025,8,0.16666666666666666,0
68867,Vetas,2025,9,0.13666666666666666,0
68867,Vetas,2025,10,0.35333333333333333,0
68867,Vetas,2025,11,0.17666666666666667,0
68867,Vetas,2025,12,0.09666666666666666,0
68872,Villanueva,2025,1,0.0,0
68872,Villanueva,2025,2,0.0,0
68872,Villanueva,2025,3,0.01,0
68872,Villanueva,2025,4,0.4033333333333333,0
68872,Villanueva,2025,5,0.13333333333333333,0
68872,Villanueva,2025,6,0.37666666666666665,0
68872,Villanueva,2025,7,0.06333333333333334,0
68872,Villanueva,2025,8,0.2,0
68872,Villanueva,2025,9,0.043333333333333335,0
68872,Villanueva,2025,10,0.15,0
68872,Villanueva,2025,11,0.13,0
68872,Villanueva,2025,12,0.09666666666666666,0
68895,Zapatoca,2025,1,0.006666666666666667,0
68895,Zapatoca,2025,2,0.006666666666666667,0
68895,Zapatoca,2025,3,0.08666666666666667,0
68895,Zapatoca,2025,4,0.19333333333333333,0
68895,Zapatoca,2025,5,0.7933333333333333,1
68895,Zapatoca,2025,6,0.023333333333333334,0
68895,Zapatoca,2025,7,0.016666666666666666,0
68895,Zapatoca,2025,8,0.12333333333333334,0
68895,Zapatoca,2025,9,0.013333333333333334,0
68895,Zapatoca,2025,10,0.2,0
68895,Zapatoca,2025,11,0.4866666666666667,0
68895,Zapatoca,2025,12,0.17,0
