codigo_dane,municipio,anio,mes,lluvia_mm,lluvia_mm_mes_anterior,eventos_mes,hubo_mm,eventos_12m,altitud_m
68001,Bucaramanga,2025,1,18.7,47.5,0,0,3,959
68001,Bucaramanga,2025,2,28.3,18.7,0,0,3,959
68001,Bucaramanga,2025,3,170.0,28.3,0,0,3,959
68001,Bucaramanga,2025,4,274.4,170.0,1,1,3,959
68001,Bucaramanga,2025,5,98.5,274.4,1,1,4,959
68001,Bucaramanga,2025,6,67.9,98.5,0,0,5,959
68001,Bucaramanga,2025,7,86.2,67.9,0,0,5,959
68001,Bucaramanga,2025,8,68.5,86.2,0,0,5,959
68001,Bucaramanga,2025,9,75.4,68.5,1,0,4,959
68001,Bucaramanga,2025,10,156.7,75.4,0,0,4,959
68001,Bucaramanga,2025,11,294.5,156.7,1,0,4,959
68001,Bucaramanga,2025,12,67.2,294.5,0,0,4,959
68013,Aguada,2025,1,30.7,52.6,1,0,1,1540
68013,Aguada,2025,2,57.4,30.7,0,0,2,1540
68013,Aguada,2025,3,114.3,57.4,0,0,2,1540
68013,Aguada,2025,4,223.5,114.3,0,0,2,1540
68013,Aguada,2025,5,75.0,223.5,0,0,2,1540
68013,Aguada,2025,6,84.9,75.0,0,0,2,1540
68013,Aguada,2025,7,79.4,84.9,0,0,2,1540
68013,Aguada,2025,8,210.2,79.4,0,0,1,1540
68013,Aguada,2025,9,83.4,210.2,0,0,1,1540
68013,Aguada,2025,10,157.2,83.4,0,0,1,1540
68013,Aguada,2025,11,362.3,157.2,0,0,1,1540
68013,Aguada,2025,12,48.9,362.3,0,0,1,1540
68020,Albania,2025,1,38.1,32.7,0,0,0,1750
68020,Albania,2025,2,46.1,38.1,0,0,0,1750
68020,Albania,2025,3,194.2,46.1,0,0,0,1750
68020,Albania,2025,4,206.5,194.2,1,1,0,1750
68020,Albania,2025,5,37.6,206.5,0,0,1,1750
68020,Albania,2025,6,53.2,37.6,0,0,1,1750
68020,Albania,2025,7,79.6,53.2,0,0,1,1750
68020,Albania,2025,8,166.1,79.6,0,0,1,1750
68020,Albania,2025,9,101.2,166.1,0,0,1,1750
68020,Albania,2025,10,289.3,101.2,1,1,1,1750
68020,Albania,2025,11,422.8,289.3,1,0,2,1750
68020,Albania,2025,12,90.6,422.8,0,0,3,1750
68051,Aratoca,2025,1,28.1,56.5,0,0,5,1800
68051,Aratoca,2025,2,36.2,28.1,0,0,4,1800
68051,Aratoca,2025,3,207.6,36.2,0,0,4,1800
68051,Aratoca,2025,4,244.8,207.6,0,0,3,1800
68051,Aratoca,2025,5,90.3,244.8,1,1,2,1800
68051,Aratoca,2025,6,59.5,90.3,0,0,3,1800
68051,Aratoca,2025,7,87.9,59.5,0,0,2,1800
68051,Aratoca,2025,8,163.9,87.9,1,1,2,1800
68051,Aratoca,2025,9,84.2,163.9,0,0,3,1800
68051,Aratoca,2025,10,125.7,84.2,0,0,3,1800
68051,Aratoca,2025,11,145.1,125.7,0,0,2,1800
68051,Aratoca,2025,12,94.7,145.1,1,1,2,1800
68077,Barbosa,2025,1,52.3,45.1,0,0,4,1600
68077,Barbosa,2025,2,49.2,52.3,0,0,4,1600
68077,Barbosa,2025,3,390.9,49.2,0,0,4,1600
68077,Barbosa,2025,4,805.6,390.9,1,1,4,1600
68077,Barbosa,2025,5,154.3,805.6,0,0,5,1600
68077,Barbosa,2025,6,54.5,154.3,0,0,5,1600
68077,Barbosa,2025,7,135.1,54.5,0,0,5,1600
68077,Barbosa,2025,8,82.3,135.1,0,0,4,1600
68077,Barbosa,2025,9,121.3,82.3,1,1,4,1600
68077,Barbosa,2025,10,389.2,121.3,0,0,4,1600
68077,Barbosa,2025,11,186.8,389.2,2,1,2,1600
68077,Barbosa,2025,12,73.9,186.8,0,0,4,1600
68079,Barichara,2025,1,33.9,48.1,0,0,2,1336
68079,Barichara,2025,2,13.7,33.9,0,0,2,1336
68079,Barichara,2025,3,78.3,13.7,0,0,1,1336
68079,Barichara,2025,4,234.8,78.3,0,0,1,1336
68079,Barichara,2025,5,48.6,234.8,1,0,1,1336
68079,Barichara,2025,6,68.5,48.6,0,0,2,1336
68079,Barichara,2025,7,90.5,68.5,1,0,2,1336
68079,Barichara,2025,8,170.3,90.5,0,0,3,1336
68079,Barichara,2025,9,60.6,170.3,0,0,2,1336
68079,Barichara,2025,10,169.7,60.6,1,1,2,1336
68079,Barichara,2025,11,116.9,169.7,0,0,3,1336
68079,Barichara,2025,12,62.6,116.9,0,0,3,1336
68081,Barrancabermeja,2025,1,69.4,153.7,0,0,3,75
68081,Barrancabermeja,2025,2,105.5,69.4,0,0,1,75
68081,Barrancabermeja,2025,3,272.9,105.5,0,0,1,75
68081,Barrancabermeja,2025,4,657.1,272.9,1,0,1,75
68081,Barrancabermeja,2025,5,166.2,657.1,1,0,2,75
68081,Barrancabermeja,2025,6,248.8,166.2,0,0,3,75
68081,Barrancabermeja,2025,7,409.8,248.8,1,0,3,75
68081,Barrancabermeja,2025,8,248.2,409.8,0,0,4,75
68081,Barrancabermeja,2025,9,499.7,248.2,0,0,4,75
68081,Barrancabermeja,2025,10,340.0,499.7,0,0,4,75
68081,Barrancabermeja,2025,11,577.7,340.0,0,0,3,75
68081,Barrancabermeja,2025,12,129.8,577.7,0,0,3,75
68092,Betulia,2025,1,27.0,42.8,0,0,0,400
68092,Betulia,2025,2,66.3,27.0,0,0,0,400
68092,Betulia,2025,3,187.1,66.3,0,0,0,400
68092,Betulia,2025,4,734.5,187.1,0,0,0,400
68092,Betulia,2025,5,56.1,734.5,0,0,0,400
68092,Betulia,2025,6,126.3,56.1,0,0,0,400
68092,Betulia,2025,7,118.9,126.3,0,0,0,400
68092,Betulia,2025,8,118.9,118.9,0,0,0,400
68092,Betulia,2025,9,174.4,118.9,0,0,0,400
68092,Betulia,2025,10,186.9,174.4,0,0,0,400
68092,Betulia,2025,11,536.0,186.9,0,0,0,400
68092,Betulia,2025,12,66.9,536.0,0,0,0,400
68101,Bolívar,2025,1,31.4,52.1,0,0,0,1900
68101,Bolívar,2025,2,58.5,31.4,0,0,0,1900
68101,Bolívar,2025,3,234.6,58.5,0,0,0,1900
68101,Bolívar,2025,4,421.4,234.6,0,0,0,1900
68101,Bolívar,2025,5,126.3,421.4,0,0,0,1900
68101,Bolívar,2025,6,92.7,126.3,0,0,0,1900
68101,Bolívar,2025,7,129.7,92.7,1,0,0,1900
68101,Bolívar,2025,8,164.4,129.7,0,0,1,1900
68101,Bolívar,2025,9,127.5,164.4,0,0,1,1900
68101,Bolívar,2025,10,324.4,127.5,0,0,1,1900
68101,Bolívar,2025,11,249.9,324.4,1,1,1,1900
68101,Bolívar,2025,12,80.8,249.9,0,0,2,1900
68121,Cabrera,2025,1,22.0,50.3,0,0,1,1300
68121,Cabrera,2025,2,55.9,22.0,0,0,1,1300
68121,Cabrera,2025,3,89.8,55.9,0,0,1,1300
68121,Cabrera,2025,4,326.7,89.8,0,0,0,1300
68121,Cabrera,2025,5,207.9,326.7,0,0,0,1300
68121,Cabrera,2025,6,143.9,207.9,0,0,0,1300
68121,Cabrera,2025,7,140.4,143.9,1,1,0,1300
68121,Cabrera,2025,8,144.1,140.4,0,0,1,1300
68121,Cabrera,2025,9,94.6,144.1,0,0,1,1300
68121,Cabrera,2025,10,189.3,94.6,0,0,1,1300
68121,Cabrera,2025,11,286.9,189.3,0,0,1,1300
68121,Cabrera,2025,12,60.3,286.9,0,0,1,1300
68132,California,2025,1,42.2,38.0,0,0,1,2000
68132,California,2025,2,38.6,42.2,0,0,1,2000
68132,California,2025,3,127.2,38.6,0,0,1,2000
68132,California,2025,4,279.7,127.2,0,0,1,2000
68132,California,2025,5,102.6,279.7,0,0,1,2000
68132,California,2025,6,121.1,102.6,0,0,1,2000
68132,California,2025,7,59.6,121.1,0,0,1,2000
68132,California,2025,8,105.9,59.6,0,0,1,2000
68132,California,2025,9,109.4,105.9,0,0,1,2000
68132,California,2025,10,247.9,109.4,0,0,1,2000
68132,California,2025,11,303.0,247.9,0,0,0,2000
68132,California,2025,12,70.6,303.0,0,0,0,2000
68147,Capitanejo,2025,1,20.6,21.2,0,0,0,1000
68147,Capitanejo,2025,2,18.5,20.6,0,0,0,1000
68147,Capitanejo,2025,3,120.3,18.5,0,0,0,1000
68147,Capitanejo,2025,4,272.1,120.3,0,0,0,1000
68147,Capitanejo,2025,5,108.6,272.1,0,0,0,1000
68147,Capitanejo,2025,6,77.7,108.6,0,0,0,1000
68147,Capitanejo,2025,7,60.4,77.7,0,0,0,1000
68147,Capitanejo,2025,8,84.8,60.4,0,0,0,1000
68147,Capitanejo,2025,9,77.0,84.8,0,0,0,1000
68147,Capitanejo,2025,10,247.7,77.0,0,0,0,1000
68147,Capitanejo,2025,11,205.0,247.7,1,0,0,1000
68147,Capitanejo,2025,12,25.2,205.0,0,0,1,1000
68152,Carcasí,2025,1,37.6,53.1,0,0,2,1710
68152,Carcasí,2025,2,35.2,37.6,0,0,2,1710
68152,Carcasí,2025,3,311.7,35.2,0,0,2,1710
68152,Carcasí,2025,4,992.7,311.7,0,0,2,1710
68152,Carcasí,2025,5,57.1,992.7,0,0,1,1710
68152,Carcasí,2025,6,116.8,57.1,0,0,1,1710
68152,Carcasí,2025,7,126.8,116.8,0,0,1,1710
68152,Carcasí,2025,8,189.4,126.8,0,0,1,1710
68152,Carcasí,2025,9,127.0,189.4,0,0,1,1710
68152,Carcasí,2025,10,181.0,127.0,0,0,1,1710
68152,Carcasí,2025,11,319.5,181.0,1,1,1,1710
68152,Carcasí,2025,12,149.4,319.5,0,0,1,1710
68160,Cepitá,2025,1,40.8,36.6,0,0,3,800
68160,Cepitá,2025,2,43.0,40.8,0,0,3,800
68160,Cepitá,2025,3,126.4,43.0,0,0,1,800
68160,Cepitá,2025,4,179.7,126.4,0,0,1,800
68160,Cepitá,2025,5,137.6,179.7,0,0,1,800
68160,Cepitá,2025,6,39.6,137.6,0,0,1,800
68160,Cepitá,2025,7,84.7,39.6,0,0,1,800
68160,Cepitá,2025,8,99.5,84.7,0,0,1,800
68160,Cepitá,2025,9,115.2,99.5,0,0,0,800
68160,Cepitá,2025,10,226.3,115.2,0,0,0,800
68160,Cepitá,2025,11,555.1,226.3,0,0,0,800
68160,Cepitá,2025,12,66.3,555.1,0,0,0,800
68162,Cerrito,2025,1,106.3,54.8,0,0,1,2400
68162,Cerrito,2025,2,40.3,106.3,0,0,1,2400
68162,Cerrito,2025,3,142.3,40.3,0,0,1,2400
68162,Cerrito,2025,4,272.0,142.3,0,0,1,2400
68162,Cerrito,2025,5,64.3,272.0,0,0,1,2400
68162,Cerrito,2025,6,91.7,64.3,0,0,1,2400
68162,Cerrito,2025,7,93.9,91.7,0,0,1,2400
68162,Cerrito,2025,8,106.2,93.9,1,1,1,2400
68162,Cerrito,2025,9,182.2,106.2,2,1,2,2400
68162,Cerrito,2025,10,165.7,182.2,0,0,4,2400
68162,Cerrito,2025,11,306.3,165.7,0,0,3,2400
68162,Cerrito,2025,12,70.2,306.3,0,0,3,2400
68167,Charalá,2025,1,45.3,61.9,0,0,2,1290
68167,Charalá,2025,2,74.0,45.3,0,0,2,1290
68167,Charalá,2025,3,322.6,74.0,1,1,2,1290
68167,Charalá,2025,4,261.5,322.6,0,0,3,1290
68167,Charalá,2025,5,104.4,261.5,0,0,3,1290
68167,Charalá,2025,6,181.0,104.4,0,0,2,1290
68167,Charalá,2025,7,107.5,181.0,0,0,2,1290
68167,Charalá,2025,8,166.1,107.5,0,0,2,1290
68167,Charalá,2025,9,180.9,166.1,0,0,2,1290
68167,Charalá,2025,10,182.6,180.9,0,0,2,1290
68167,Charalá,2025,11,261.5,182.6,1,1,1,1290
68167,Charalá,2025,12,63.5,261.5,0,0,2,1290
68169,Charta,2025,1,25.5,24.1,0,0,2,1800
68169,Charta,2025,2,50.8,25.5,0,0,2,1800
68169,Charta,2025,3,181.4,50.8,0,0,2,1800
68169,Charta,2025,4,324.8,181.4,1,1,2,1800
68169,Charta,2025,5,47.2,324.8,0,0,3,1800
68169,Charta,2025,6,105.4,47.2,0,0,2,1800
68169,Charta,2025,7,209.9,105.4,0,0,2,1800
68169,Charta,2025,8,127.3,209.9,1,1,2,1800
68169,Charta,2025,9,91.2,127.3,0,0,2,1800
68169,Charta,2025,10,278.8,91.2,0,0,2,1800
68169,Charta,2025,11,232.0,278.8,1,0,2,1800
68169,Charta,2025,12,104.6,232.0,0,0,3,1800
68176,Chima,2025,1,47.4,56.7,0,0,2,1350
68176,Chima,2025,2,57.0,47.4,0,0,2,1350
68176,Chima,2025,3,269.8,57.0,0,0,2,1350
68176,Chima,2025,4,246.0,269.8,0,0,2,1350
68176,Chima,2025,5,41.3,246.0,0,0,2,1350
68176,Chima,2025,6,105.8,41.3,0,0,2,1350
68176,Chima,2025,7,58.2,105.8,0,0,2,1350
68176,Chima,2025,8,67.4,58.2,0,0,2,1350
68176,Chima,2025,9,116.6,67.4,0,0,2,1350
68176,Chima,2025,10,108.2,116.6,0,0,2,1350
68176,Chima,2025,11,360.1,108.2,1,1,2,1350
68176,Chima,2025,12,87.1,360.1,0,0,2,1350
68179,Chipatá,2025,1,51.0,31.0,0,0,1,1630
68179,Chipatá,2025,2,63.5,51.0,0,0,1,1630
68179,Chipatá,2025,3,346.6,63.5,1,1,1,1630
68179,Chipatá,2025,4,277.8,346.6,1,1,2,1630
68179,Chipatá,2025,5,53.5,277.8,0,0,2,1630
68179,Chipatá,2025,6,96.4,53.5,0,0,2,1630
68179,Chipatá,2025,7,70.9,96.4,0,0,2,1630
68179,Chipatá,2025,8,162.0,70.9,1,1,2,1630
68179,Chipatá,2025,9,73.3,162.0,0,0,3,1630
68179,Chipatá,2025,10,220.1,73.3,0,0,3,1630
68179,Chipatá,2025,11,254.9,220.1,1,1,3,1630
68179,Chipatá,2025,12,31.1,254.9,0,0,4,1630
68190,Cimitarra,2025,1,134.8,93.4,0,0,2,325
68190,Cimitarra,2025,2,159.1,134.8,0,0,2,325
68190,Cimitarra,2025,3,172.8,159.1,0,0,2,325
68190,Cimitarra,2025,4,777.5,172.8,1,0,2,325
68190,Cimitarra,2025,5,329.9,777.5,0,0,3,325
68190,Cimitarra,2025,6,409.6,329.9,0,0,3,325
68190,Cimitarra,2025,7,319.1,409.6,0,0,3,325
68190,Cimitarra,2025,8,306.0,319.1,0,0,3,325
68190,Cimitarra,2025,9,314.6,306.0,0,0,3,325
68190,Cimitarra,2025,10,469.9,314.6,0,0,3,325
68190,Cimitarra,2025,11,1150.2,469.9,2,1,2,325
68190,Cimitarra,2025,12,193.3,1150.2,0,0,3,325
68207,Concepción,2025,1,20.0,34.1,0,0,0,2000
68207,Concepción,2025,2,40.0,20.0,0,0,0,2000
68207,Concepción,2025,3,303.4,40.0,0,0,0,2000
68207,Concepción,2025,4,261.6,303.4,0,0,0,2000
68207,Concepción,2025,5,80.8,261.6,0,0,0,2000
68207,Concepción,2025,6,83.8,80.8,0,0,0,2000
68207,Concepción,2025,7,119.9,83.8,0,0,0,2000
68207,Concepción,2025,8,92.0,119.9,0,0,0,2000
68207,Concepción,2025,9,97.1,92.0,0,0,0,2000
68207,Concepción,2025,10,154.1,97.1,0,0,0,2000
68207,Concepción,2025,11,183.7,154.1,1,1,0,2000
68207,Concepción,2025,12,49.4,183.7,0,0,1,2000
68209,Confines,2025,1,39.7,82.5,0,0,1,1360
68209,Confines,2025,2,44.6,39.7,0,0,1,1360
68209,Confines,2025,3,216.8,44.6,0,0,0,1360
68209,Confines,2025,4,385.3,216.8,1,1,0,1360
68209,Confines,2025,5,141.0,385.3,0,0,1,1360
68209,Confines,2025,6,111.6,141.0,0,0,1,1360
68209,Confines,2025,7,81.9,111.6,0,0,1,1360
68209,Confines,2025,8,138.9,81.9,0,0,1,1360
68209,Confines,2025,9,155.1,138.9,0,0,1,1360
68209,Confines,2025,10,583.7,155.1,0,0,1,1360
68209,Confines,2025,11,315.5,583.7,0,0,1,1360
68209,Confines,2025,12,94.1,315.5,0,0,1,1360
68211,Contratación,2025,1,33.2,38.1,0,0,1,1500
68211,Contratación,2025,2,32.1,33.2,0,0,1,1500
68211,Contratación,2025,3,177.3,32.1,0,0,1,1500
68211,Contratación,2025,4,229.1,177.3,0,0,1,1500
68211,Contratación,2025,5,128.8,229.1,0,0,1,1500
68211,Contratación,2025,6,146.1,128.8,0,0,0,1500
68211,Contratación,2025,7,129.8,146.1,0,0,0,1500
68211,Contratación,2025,8,85.5,129.8,0,0,0,1500
68211,Contratación,2025,9,108.9,85.5,0,0,0,1500
68211,Contratación,2025,10,163.8,108.9,0,0,0,1500
68211,Contratación,2025,11,180.8,163.8,0,0,0,1500
68211,Contratación,2025,12,63.1,180.8,0,0,0,1500
68217,Coromoro,2025,1,40.7,34.2,0,0,0,1600
68217,Coromoro,2025,2,29.5,40.7,0,0,0,1600
68217,Coromoro,2025,3,209.9,29.5,0,0,0,1600
68217,Coromoro,2025,4,426.3,209.9,0,0,0,1600
68217,Coromoro,2025,5,114.4,426.3,0,0,0,1600
68217,Coromoro,2025,6,93.2,114.4,0,0,0,1600
68217,Coromoro,2025,7,104.6,93.2,0,0,0,1600
68217,Coromoro,2025,8,140.0,104.6,0,0,0,1600
68217,Coromoro,2025,9,83.9,140.0,0,0,0,1600
68217,Coromoro,2025,10,396.4,83.9,1,1,0,1600
68217,Coromoro,2025,11,389.4,396.4,0,0,1,1600
68217,Coromoro,2025,12,55.6,389.4,0,0,1,1600
68229,Curití,2025,1,32.1,40.3,0,0,0,1400
68229,Curití,2025,2,29.4,32.1,0,0,0,1400
68229,Curití,2025,3,115.9,29.4,0,0,0,1400
68229,Curití,2025,4,222.1,115.9,0,0,0,1400
68229,Curití,2025,5,73.6,222.1,1,1,0,1400
68229,Curití,2025,6,59.0,73.6,0,0,1,1400
68229,Curití,2025,7,62.6,59.0,1,0,1,1400
68229,Curití,2025,8,88.6,62.6,0,0,2,1400
68229,Curití,2025,9,107.1,88.6,0,0,2,1400
68229,Curití,2025,10,390.3,107.1,0,0,2,1400
68229,Curití,2025,11,170.2,390.3,0,0,2,1400
68229,Curití,2025,12,44.0,170.2,0,0,2,1400
68235,El Carmen de Chucurí,2025,1,35.8,63.4,0,0,0,650
68235,El Carmen de Chucurí,2025,2,54.6,35.8,0,0,0,650
68235,El Carmen de Chucurí,2025,3,178.6,54.6,0,0,0,650
68235,El Carmen de Chucurí,2025,4,458.7,178.6,0,0,0,650
68235,El Carmen de Chucurí,2025,5,150.4,458.7,0,0,0,650
68235,El Carmen de Chucurí,2025,6,98.8,150.4,0,0,0,650
68235,El Carmen de Chucurí,2025,7,84.1,98.8,0,0,0,650
68235,El Carmen de Chucurí,2025,8,118.0,84.1,0,0,0,650
68235,El Carmen de Chucurí,2025,9,136.1,118.0,0,0,0,650
68235,El Carmen de Chucurí,2025,10,186.6,136.1,0,0,0,650
68235,El Carmen de Chucurí,2025,11,324.0,186.6,0,0,0,650
68235,El Carmen de Chucurí,2025,12,50.9,324.0,0,0,0,650
68245,El Guacamayo,2025,1,29.2,30.8,0,0,1,1460
68245,El Guacamayo,2025,2,51.2,29.2,0,0,1,1460
68245,El Guacamayo,2025,3,98.2,51.2,0,0,1,1460
68245,El Guacamayo,2025,4,221.8,98.2,0,0,1,1460
68245,El Guacamayo,2025,5,131.8,221.8,0,0,1,1460
68245,El Guacamayo,2025,6,70.6,131.8,0,0,1,1460
68245,El Guacamayo,2025,7,71.5,70.6,1,1,1,1460
68245,El Guacamayo,2025,8,131.9,71.5,1,1,2,1460
68245,El Guacamayo,2025,9,94.4,131.9,0,0,3,1460
68245,El Guacamayo,2025,10,369.3,94.4,0,0,3,1460
68245,El Guacamayo,2025,11,403.2,369.3,0,0,2,1460
68245,El Guacamayo,2025,12,56.9,403.2,1,1,2,1460
68250,El Peñón,2025,1,56.5,27.8,0,0,1,1900
68250,El Peñón,2025,2,31.6,56.5,0,0,1,1900
68250,El Peñón,2025,3,203.2,31.6,1,0,1,1900
68250,El Peñón,2025,4,537.6,203.2,1,1,2,1900
68250,El Peñón,2025,5,149.0,537.6,1,1,3,1900
68250,El Peñón,2025,6,111.0,149.0,0,0,4,1900
68250,El Peñón,2025,7,166.6,111.0,0,0,4,1900
68250,El Peñón,2025,8,142.6,166.6,1,0,4,1900
68250,El Peñón,2025,9,79.2,142.6,0,0,5,1900
68250,El Peñón,2025,10,183.1,79.2,0,0,5,1900
68250,El Peñón,2025,11,352.7,183.1,0,0,5,1900
68250,El Peñón,2025,12,100.4,352.7,0,0,4,1900
68255,El Playón,2025,1,34.1,75.7,0,0,2,500
68255,El Playón,2025,2,61.5,34.1,0,0,2,500
68255,El Playón,2025,3,304.2,61.5,0,0,2,500
68255,El Playón,2025,4,189.3,304.2,0,0,0,500
68255,El Playón,2025,5,127.5,189.3,0,0,0,500
68255,El Playón,2025,6,129.2,127.5,0,0,0,500
68255,El Playón,2025,7,225.0,129.2,0,0,0,500
68255,El Playón,2025,8,88.9,225.0,0,0,0,500
68255,El Playón,2025,9,139.1,88.9,0,0,0,500
68255,El Playón,2025,10,248.1,139.1,1,0,0,500
68255,El Playón,2025,11,125.8,248.1,0,0,1,500
68255,El Playón,2025,12,64.5,125.8,0,0,1,500
68264,Encino,2025,1,49.6,38.0,0,0,3,1460
68264,Encino,2025,2,81.2,49.6,0,0,3,1460
68264,Encino,2025,3,259.4,81.2,0,0,2,1460
68264,Encino,2025,4,263.1,259.4,0,0,2,1460
68264,Encino,2025,5,80.8,263.1,0,0,2,1460
68264,Encino,2025,6,144.8,80.8,0,0,2,1460
68264,Encino,2025,7,196.3,144.8,1,1,2,1460
68264,Encino,2025,8,96.8,196.3,0,0,2,1460
68264,Encino,2025,9,99.0,96.8,0,0,2,1460
68264,Encino,2025,10,268.8,99.0,1,1,2,1460
68264,Encino,2025,11,317.5,268.8,1,1,3,1460
68264,Encino,2025,12,55.4,317.5,0,0,3,1460
68266,Enciso,2025,1,22.4,17.4,0,0,1,1600
68266,Enciso,2025,2,46.8,22.4,1,0,1,1600
68266,Enciso,2025,3,114.4,46.8,0,0,2,1600
68266,Enciso,2025,4,201.7,114.4,0,0,1,1600
68266,Enciso,2025,5,72.0,201.7,0,0,1,1600
68266,Enciso,2025,6,121.9,72.0,0,0,1,1600
68266,Enciso,2025,7,74.3,121.9,0,0,1,1600
68266,Enciso,2025,8,62.3,74.3,0,0,1,1600
68266,Enciso,2025,9,141.5,62.3,0,0,1,1600
68266,Enciso,2025,10,143.4,141.5,0,0,1,1600
68266,Enciso,2025,11,179.2,143.4,0,0,1,1600
68266,Enciso,2025,12,60.3,179.2,0,0,1,1600
68271,Florián,2025,1,44.7,52.5,0,0,0,1600
68271,Florián,2025,2,39.9,44.7,0,0,0,1600
68271,Florián,2025,3,82.2,39.9,0,0,0,1600
68271,Florián,2025,4,314.9,82.2,0,0,0,1600
68271,Florián,2025,5,110.6,314.9,0,0,0,1600
68271,Florián,2025,6,82.8,110.6,0,0,0,1600
68271,Florián,2025,7,80.7,82.8,0,0,0,1600
68271,Florián,2025,8,126.7,80.7,0,0,0,1600
68271,Florián,2025,9,129.8,126.7,0,0,0,1600
68271,Florián,2025,10,341.2,129.8,0,0,0,1600
68271,Florián,2025,11,237.0,341.2,1,1,0,1600
68271,Florián,2025,12,57.6,237.0,0,0,1,1600
68276,Floridablanca,2025,1,40.0,29.3,0,0,2,925
68276,Floridablanca,2025,2,30.8,40.0,0,0,2,925
68276,Floridablanca,2025,3,308.1,30.8,0,0,2,925
68276,Floridablanca,2025,4,244.8,308.1,1,1,2,925
68276,Floridablanca,2025,5,124.0,244.8,0,0,3,925
68276,Floridablanca,2025,6,59.2,124.0,0,0,2,925
68276,Floridablanca,2025,7,79.4,59.2,0,0,2,925
68276,Floridablanca,2025,8,222.6,79.4,0,0,2,925
68276,Floridablanca,2025,9,132.2,222.6,0,0,2,925
68276,Floridablanca,2025,10,210.1,132.2,0,0,2,925
68276,Floridablanca,2025,11,394.7,210.1,2,1,2,925
68276,Floridablanca,2025,12,78.3,394.7,1,0,3,925
68296,Galán,2025,1,40.0,55.1,0,0,1,1100
68296,Galán,2025,2,30.0,40.0,0,0,1,1100
68296,Galán,2025,3,333.8,30.0,0,0,1,1100
68296,Galán,2025,4,249.8,333.8,0,0,1,1100
68296,Galán,2025,5,73.8,249.8,0,0,1,1100
68296,Galán,2025,6,97.8,73.8,0,0,1,1100
68296,Galán,2025,7,137.0,97.8,0,0,1,1100
68296,Galán,2025,8,116.4,137.0,0,0,1,1100
68296,Galán,2025,9,112.4,116.4,0,0,0,1100
68296,Galán,2025,10,234.6,112.4,0,0,0,1100
68296,Galán,2025,11,242.4,234.6,0,0,0,1100
68296,Galán,2025,12,59.5,242.4,0,0,0,1100
68298,Gámbita,2025,1,29.9,32.6,0,0,1,2050
68298,Gámbita,2025,2,49.5,29.9,0,0,1,2050
68298,Gámbita,2025,3,185.9,49.5,1,1,1,2050
68298,Gámbita,2025,4,222.9,185.9,1,1,2,2050
68298,Gámbita,2025,5,131.5,222.9,0,0,3,2050
68298,Gámbita,2025,6,152.3,131.5,0,0,3,2050
68298,Gámbita,2025,7,92.3,152.3,0,0,3,2050
68298,Gámbita,2025,8,141.6,92.3,0,0,3,2050
68298,Gámbita,2025,9,88.2,141.6,0,0,3,2050
68298,Gámbita,2025,10,259.3,88.2,0,0,3,2050
68298,Gámbita,2025,11,585.8,259.3,1,1,2,2050
68298,Gámbita,2025,12,77.1,585.8,1,1,3,2050
68307,Girón,2025,1,40.2,66.8,0,0,2,777
68307,Girón,2025,2,44.8,40.2,0,0,2,777
68307,Girón,2025,3,165.5,44.8,0,0,2,777
68307,Girón,2025,4,201.5,165.5,1,1,2,777
68307,Girón,2025,5,152.1,201.5,0,0,3,777
68307,Girón,2025,6,150.7,152.1,0,0,2,777
68307,Girón,2025,7,106.6,150.7,0,0,2,777
68307,Girón,2025,8,61.0,106.6,1,1,2,777
68307,Girón,2025,9,86.7,61.0,0,0,3,777
68307,Girón,2025,10,248.5,86.7,1,1,2,777
68307,Girón,2025,11,377.4,248.5,1,1,3,777
68307,Girón,2025,12,77.4,377.4,0,0,4,777
68318,Guaca,2025,1,31.2,123.6,0,0,1,2400
68318,Guaca,2025,2,76.9,31.2,0,0,1,2400
68318,Guaca,2025,3,266.9,76.9,0,0,1,2400
68318,Guaca,2025,4,646.7,266.9,0,0,1,2400
68318,Guaca,2025,5,143.7,646.7,1,1,1,2400
68318,Guaca,2025,6,161.6,143.7,0,0,2,2400
68318,Guaca,2025,7,210.7,161.6,0,0,2,2400
68318,Guaca,2025,8,214.3,210.7,0,0,2,2400
68318,Guaca,2025,9,130.0,214.3,0,0,2,2400
68318,Guaca,2025,10,366.7,130.0,0,0,2,2400
68318,Guaca,2025,11,489.5,366.7,0,0,1,2400
68318,Guaca,2025,12,105.9,489.5,0,0,1,2400
68320,Guadalupe,2025,1,30.1,28.8,0,0,2,1450
68320,Guadalupe,2025,2,55.7,30.1,0,0,2,1450
68320,Guadalupe,2025,3,261.9,55.7,0,0,2,1450
68320,Guadalupe,2025,4,259.1,261.9,0,0,2,1450
68320,Guadalupe,2025,5,62.2,259.1,0,0,2,1450
68320,Guadalupe,2025,6,117.4,62.2,0,0,2,1450
68320,Guadalupe,2025,7,60.2,117.4,0,0,2,1450
68320,Guadalupe,2025,8,83.3,60.2,0,0,2,1450
68320,Guadalupe,2025,9,80.9,83.3,0,0,2,1450
68320,Guadalupe,2025,10,203.0,80.9,0,0,1,1450
68320,Guadalupe,2025,11,417.5,203.0,0,0,0,1450
68320,Guadalupe,2025,12,45.3,417.5,0,0,0,1450
68322,Guapotá,2025,1,23.6,64.6,0,0,2,1390
68322,Guapotá,2025,2,29.5,23.6,0,0,2,1390
68322,Guapotá,2025,3,151.9,29.5,0,0,1,1390
68322,Guapotá,2025,4,193.8,151.9,0,0,1,1390
68322,Guapotá,2025,5,178.5,193.8,0,0,1,1390
68322,Guapotá,2025,6,66.4,178.5,0,0,1,1390
68322,Guapotá,2025,7,133.9,66.4,0,0,0,1390
68322,Guapotá,2025,8,82.1,133.9,0,0,0,1390
68322,Guapotá,2025,9,85.0,82.1,0,0,0,1390
68322,Guapotá,2025,10,231.1,85.0,0,0,0,1390
68322,Guapotá,2025,11,204.4,231.1,0,0,0,1390
68322,Guapotá,2025,12,41.8,204.4,0,0,0,1390
68324,Guavatá,2025,1,51.9,52.9,0,0,0,1650
68324,Guavatá,2025,2,65.1,51.9,0,0,0,1650
68324,Guavatá,2025,3,276.1,65.1,0,0,0,1650
68324,Guavatá,2025,4,550.3,276.1,0,0,0,1650
68324,Guavatá,2025,5,170.2,550.3,0,0,0,1650
68324,Guavatá,2025,6,92.7,170.2,0,0,0,1650
68324,Guavatá,2025,7,91.3,92.7,0,0,0,1650
68324,Guavatá,2025,8,114.2,91.3,0,0,0,1650
68324,Guavatá,2025,9,166.8,114.2,0,0,0,1650
68324,Guavatá,2025,10,222.4,166.8,0,0,0,1650
68324,Guavatá,2025,11,244.3,222.4,0,0,0,1650
68324,Guavatá,2025,12,150.0,244.3,0,0,0,1650
68327,Güepsa,2025,1,42.1,56.2,0,0,1,1600
68327,Güepsa,2025,2,61.7,42.1,0,0,1,1600
68327,Güepsa,2025,3,230.2,61.7,0,0,1,1600
68327,Güepsa,2025,4,232.4,230.2,0,0,1,1600
68327,Güepsa,2025,5,71.7,232.4,0,0,1,1600
68327,Güepsa,2025,6,80.7,71.7,0,0,1,1600
68327,Güepsa,2025,7,90.4,80.7,0,0,1,1600
68327,Güepsa,2025,8,182.2,90.4,0,0,1,1600
68327,Güepsa,2025,9,172.8,182.2,0,0,1,1600
68327,Güepsa,2025,10,267.3,172.8,0,0,1,1600
68327,Güepsa,2025,11,346.4,267.3,0,0,0,1600
68327,Güepsa,2025,12,89.0,346.4,0,0,0,1600
68344,Hato,2025,1,46.9,40.3,0,0,1,1250
68344,Hato,2025,2,43.2,46.9,0,0,1,1250
68344,Hato,2025,3,113.1,43.2,0,0,1,1250
68344,Hato,2025,4,321.2,113.1,0,0,1,1250
68344,Hato,2025,5,92.6,321.2,0,0,1,1250
68344,Hato,2025,6,115.3,92.6,0,0,1,1250
68344,Hato,2025,7,56.0,115.3,0,0,1,1250
68344,Hato,2025,8,129.2,56.0,0,0,1,1250
68344,Hato,2025,9,44.6,129.2,0,0,1,1250
68344,Hato,2025,10,211.5,44.6,0,0,1,1250
68344,Hato,2025,11,227.2,211.5,0,0,1,1250
68344,Hato,2025,12,119.8,227.2,0,0,0,1250
68368,Jesús María,2025,1,44.6,59.1,1,1,0,1730
68368,Jesús María,2025,2,64.8,44.6,0,0,1,1730
68368,Jesús María,2025,3,453.5,64.8,0,0,1,1730
68368,Jesús María,2025,4,533.6,453.5,0,0,1,1730
68368,Jesús María,2025,5,133.5,533.6,0,0,1,1730
68368,Jesús María,2025,6,87.7,133.5,0,0,1,1730
68368,Jesús María,2025,7,88.0,87.7,0,0,1,1730
68368,Jesús María,2025,8,189.8,88.0,0,0,1,1730
68368,Jesús María,2025,9,86.5,189.8,0,0,1,1730
68368,Jesús María,2025,10,166.3,86.5,0,0,1,1730
68368,Jesús María,2025,11,218.0,166.3,0,0,1,1730
68368,Jesús María,2025,12,92.3,218.0,0,0,1,1730
68370,Jordán,2025,1,27.4,32.7,0,0,1,1000
68370,Jordán,2025,2,20.5,27.4,0,0,1,1000
68370,Jordán,2025,3,194.7,20.5,0,0,1,1000
68370,Jordán,2025,4,286.9,194.7,0,0,1,1000
68370,Jordán,2025,5,51.6,286.9,0,0,1,1000
68370,Jordán,2025,6,51.0,51.6,0,0,1,1000
68370,Jordán,2025,7,80.4,51.0,0,0,0,1000
68370,Jordán,2025,8,104.6,80.4,1,0,0,1000
68370,Jordán,2025,9,57.7,104.6,0,0,1,1000
68370,Jordán,2025,10,189.4,57.7,0,0,1,1000
68370,Jordán,2025,11,345.6,189.4,1,1,1,1000
68370,Jordán,2025,12,31.5,345.6,0,0,2,1000
68377,La Belleza,2025,1,33.7,43.5,0,0,2,2100
68377,La Belleza,2025,2,56.2,33.7,0,0,1,2100
68377,La Belleza,2025,3,125.4,56.2,0,0,1,2100
68377,La Belleza,2025,4,745.9,125.4,1,1,1,2100
68377,La Belleza,2025,5,111.6,745.9,0,0,2,2100
68377,La Belleza,2025,6,75.9,111.6,0,0,2,2100
68377,La Belleza,2025,7,163.6,75.9,0,0,1,2100
68377,La Belleza,2025,8,188.1,163.6,0,0,1,2100
68377,La Belleza,2025,9,79.8,188.1,0,0,1,2100
68377,La Belleza,2025,10,145.2,79.8,0,0,1,2100
68377,La Belleza,2025,11,287.4,145.2,0,0,1,2100
68377,La Belleza,2025,12,86.8,287.4,0,0,1,2100
68385,Landázuri,2025,1,46.8,85.6,0,0,0,1100
68385,Landázuri,2025,2,53.7,46.8,0,0,0,1100
68385,Landázuri,2025,3,259.4,53.7,0,0,0,1100
68385,Landázuri,2025,4,260.1,259.4,1,1,0,1100
68385,Landázuri,2025,5,94.4,260.1,0,0,1,1100
68385,Landázuri,2025,6,144.0,94.4,0,0,1,1100
68385,Landázuri,2025,7,155.7,144.0,0,0,1,1100
68385,Landázuri,2025,8,99.1,155.7,0,0,1,1100
68385,Landázuri,2025,9,144.6,99.1,0,0,1,1100
68385,Landázuri,2025,10,260.5,144.6,0,0,1,1100
68385,Landázuri,2025,11,250.7,260.5,0,0,1,1100
68385,Landázuri,2025,12,81.6,250.7,0,0,1,1100
68397,La Paz,2025,1,58.1,122.9,0,0,2,1900
68397,La Paz,2025,2,59.6,58.1,1,0,2,1900
68397,La Paz,2025,3,227.4,59.6,0,0,3,1900
68397,La Paz,2025,4,252.8,227.4,1,1,3,1900
68397,La Paz,2025,5,242.3,252.8,0,0,4,1900
68397,La Paz,2025,6,99.6,242.3,0,0,4,1900
68397,La Paz,2025,7,129.8,99.6,0,0,4,1900
68397,La Paz,2025,8,116.3,129.8,0,0,4,1900
68397,La Paz,2025,9,82.5,116.3,0,0,4,1900
68397,La Paz,2025,10,148.1,82.5,0,0,4,1900
68397,La Paz,2025,11,302.0,148.1,1,1,3,1900
68397,La Paz,2025,12,96.2,302.0,1,1,4,1900
68406,Lebrija,2025,1,62.5,38.6,0,0,0,1050
68406,Lebrija,2025,2,76.2,62.5,1,1,0,1050
68406,Lebrija,2025,3,305.8,76.2,0,0,1,1050
68406,Lebrija,2025,4,160.7,305.8,1,1,1,1050
68406,Lebrija,2025,5,88.7,160.7,0,0,2,1050
68406,Lebrija,2025,6,124.5,88.7,0,0,2,1050
68406,Lebrija,2025,7,202.9,124.5,0,0,2,1050
68406,Lebrija,2025,8,54.6,202.9,0,0,2,1050
68406,Lebrija,2025,9,190.3,54.6,0,0,2,1050
68406,Lebrija,2025,10,270.7,190.3,0,0,2,1050
68406,Lebrija,2025,11,211.2,270.7,0,0,2,1050
68406,Lebrija,2025,12,49.7,211.2,0,0,2,1050
68418,Los Santos,2025,1,23.3,34.6,0,0,1,1310
68418,Los Santos,2025,2,23.5,23.3,0,0,1,1310
68418,Los Santos,2025,3,147.2,23.5,0,0,1,1310
68418,Los Santos,2025,4,220.5,147.2,0,0,0,1310
68418,Los Santos,2025,5,100.7,220.5,0,0,0,1310
68418,Los Santos,2025,6,81.3,100.7,0,0,0,1310
68418,Los Santos,2025,7,48.6,81.3,0,0,0,1310
68418,Los Santos,2025,8,120.9,48.6,0,0,0,1310
68418,Los Santos,2025,9,95.2,120.9,0,0,0,1310
68418,Los Santos,2025,10,217.2,95.2,1,1,0,1310
68418,Los Santos,2025,11,145.8,217.2,0,0,1,1310
68418,Los Santos,2025,12,25.8,145.8,0,0,1,1310
68425,Macaravita,2025,1,19.5,32.1,0,0,0,1460
68425,Macaravita,2025,2,26.1,19.5,0,0,0,1460
68425,Macaravita,2025,3,93.1,26.1,0,0,0,1460
68425,Macaravita,2025,4,295.5,93.1,0,0,0,1460
68425,Macaravita,2025,5,151.2,295.5,0,0,0,1460
68425,Macaravita,2025,6,83.2,151.2,0,0,0,1460
68425,Macaravita,2025,7,43.6,83.2,0,0,0,1460
68425,Macaravita,2025,8,107.4,43.6,0,0,0,1460
68425,Macaravita,2025,9,105.7,107.4,0,0,0,1460
68425,Macaravita,2025,10,96.2,105.7,0,0,0,1460
68425,Macaravita,2025,11,188.4,96.2,0,0,0,1460
68425,Macaravita,2025,12,49.3,188.4,0,0,0,1460
68432,Málaga,2025,1,76.9,72.3,0,0,0,2200
68432,Málaga,2025,2,71.5,76.9,0,0,0,2200
68432,Málaga,2025,3,156.3,71.5,0,0,0,2200
68432,Málaga,2025,4,488.5,156.3,0,0,0,2200
68432,Málaga,2025,5,145.6,488.5,0,0,0,2200
68432,Málaga,2025,6,99.0,145.6,0,0,0,2200
68432,Málaga,2025,7,101.7,99.0,0,0,0,2200
68432,Málaga,2025,8,219.4,101.7,1,1,0,2200
68432,Málaga,2025,9,52.1,219.4,0,0,1,2200
68432,Málaga,2025,10,223.6,52.1,0,0,1,2200
68432,Málaga,2025,11,305.8,223.6,0,0,1,2200
68432,Málaga,2025,12,48.9,305.8,0,0,1,2200
68444,Matanza,2025,1,28.1,52.8,0,0,0,1640
68444,Matanza,2025,2,51.8,28.1,0,0,0,1640
68444,Matanza,2025,3,199.5,51.8,0,0,0,1640
68444,Matanza,2025,4,255.6,199.5,1,1,0,1640
68444,Matanza,2025,5,60.8,255.6,0,0,1,1640
68444,Matanza,2025,6,128.5,60.8,0,0,1,1640
68444,Matanza,2025,7,81.6,128.5,0,0,1,1640
68444,Matanza,2025,8,222.9,81.6,0,0,1,1640
68444,Matanza,2025,9,127.8,222.9,0,0,1,1640
68444,Matanza,2025,10,336.6,127.8,1,1,1,1640
68444,Matanza,2025,11,370.6,336.6,0,0,2,1640
68444,Matanza,2025,12,65.5,370.6,0,0,2,1640
68464,Mogotes,2025,1,41.9,51.0,0,0,0,1700
68464,Mogotes,2025,2,41.7,41.9,0,0,0,1700
68464,Mogotes,2025,3,232.3,41.7,0,0,0,1700
68464,Mogotes,2025,4,458.7,232.3,0,0,0,1700
68464,Mogotes,2025,5,80.7,458.7,0,0,0,1700
68464,Mogotes,2025,6,74.4,80.7,0,0,0,1700
68464,Mogotes,2025,7,211.5,74.4,0,0,0,1700
68464,Mogotes,2025,8,144.3,211.5,1,1,0,1700
68464,Mogotes,2025,9,122.7,144.3,0,0,1,1700
68464,Mogotes,2025,10,275.8,122.7,0,0,1,1700
68464,Mogotes,2025,11,390.4,275.8,0,0,1,1700
68464,Mogotes,2025,12,51.4,390.4,0,0,1,1700
68468,Molagavita,2025,1,24.1,23.9,0,0,0,1650
68468,Molagavita,2025,2,24.6,24.1,0,0,0,1650
68468,Molagavita,2025,3,101.8,24.6,0,0,0,1650
68468,Molagavita,2025,4,230.8,101.8,0,0,0,1650
68468,Molagavita,2025,5,61.6,230.8,0,0,0,1650
68468,Molagavita,2025,6,32.4,61.6,0,0,0,1650
68468,Molagavita,2025,7,37.8,32.4,0,0,0,1650
68468,Molagavita,2025,8,74.4,37.8,0,0,0,1650
68468,Molagavita,2025,9,99.2,74.4,1,0,0,1650
68468,Molagavita,2025,10,230.7,99.2,0,0,1,1650
68468,Molagavita,2025,11,93.2,230.7,0,0,1,1650
68468,Molagavita,2025,12,50.1,93.2,0,0,1,1650
68498,Ocamonte,2025,1,50.6,51.1,0,0,1,1400
68498,Ocamonte,2025,2,48.5,50.6,0,0,1,1400
68498,Ocamonte,2025,3,174.1,48.5,1,0,1,1400
68498,Ocamonte,2025,4,520.7,174.1,1,1,2,1400
68498,Ocamonte,2025,5,155.8,520.7,0,0,3,1400
68498,Ocamonte,2025,6,108.0,155.8,1,1,3,1400
68498,Ocamonte,2025,7,195.7,108.0,0,0,4,1400
68498,Ocamonte,2025,8,87.5,195.7,0,0,4,1400
68498,Ocamonte,2025,9,138.9,87.5,0,0,4,1400
68498,Ocamonte,2025,10,313.3,138.9,0,0,4,1400
68498,Ocamonte,2025,11,385.4,313.3,0,0,3,1400
68498,Ocamonte,2025,12,99.8,385.4,0,0,3,1400
68500,Oiba,2025,1,31.7,28.7,0,0,1,1420
68500,Oiba,2025,2,44.8,31.7,0,0,1,1420
68500,Oiba,2025,3,205.4,44.8,0,0,1,1420
68500,Oiba,2025,4,294.7,205.4,0,0,1,1420
68500,Oiba,2025,5,115.3,294.7,0,0,1,1420
68500,Oiba,2025,6,82.0,115.3,0,0,1,1420
68500,Oiba,2025,7,66.5,82.0,0,0,1,1420
68500,Oiba,2025,8,195.1,66.5,0,0,1,1420
68500,Oiba,2025,9,87.2,195.1,0,0,0,1420
68500,Oiba,2025,10,216.0,87.2,0,0,0,1420
68500,Oiba,2025,11,424.9,216.0,1,1,0,1420
68500,Oiba,2025,12,133.2,424.9,0,0,1,1420
68502,Onzaga,2025,1,34.4,48.1,0,0,2,2000
68502,Onzaga,2025,2,42.0,34.4,0,0,2,2000
68502,Onzaga,2025,3,192.0,42.0,1,1,2,2000
68502,Onzaga,2025,4,303.5,192.0,2,1,3,2000
68502,Onzaga,2025,5,82.7,303.5,0,0,5,2000
68502,Onzaga,2025,6,128.2,82.7,0,0,5,2000
68502,Onzaga,2025,7,136.7,128.2,1,1,5,2000
68502,Onzaga,2025,8,149.8,136.7,0,0,6,2000
68502,Onzaga,2025,9,58.8,149.8,0,0,6,2000
68502,Onzaga,2025,10,92.3,58.8,0,0,6,2000
68502,Onzaga,2025,11,160.3,92.3,0,0,5,2000
68502,Onzaga,2025,12,47.7,160.3,0,0,5,2000
68522,Palmar,2025,1,31.1,47.3,0,0,0,1280
68522,Palmar,2025,2,64.8,31.1,0,0,0,1280
68522,Palmar,2025,3,173.7,64.8,0,0,0,1280
68522,Palmar,2025,4,364.1,173.7,0,0,0,1280
68522,Palmar,2025,5,67.2,364.1,0,0,0,1280
68522,Palmar,2025,6,108.3,67.2,0,0,0,1280
68522,Palmar,2025,7,84.3,108.3,0,0,0,1280
68522,Palmar,2025,8,83.3,84.3,0,0,0,1280
68522,Palmar,2025,9,56.3,83.3,0,0,0,1280
68522,Palmar,2025,10,474.1,56.3,0,0,0,1280
68522,Palmar,2025,11,250.4,474.1,0,0,0,1280
68522,Palmar,2025,12,38.4,250.4,0,0,0,1280
68524,Palmas del Socorro,2025,1,67.5,80.3,0,0,0,1330
68524,Palmas del Socorro,2025,2,31.1,67.5,0,0,0,1330
68524,Palmas del Socorro,2025,3,89.4,31.1,0,0,0,1330
68524,Palmas del Socorro,2025,4,263.4,89.4,1,0,0,1330
68524,Palmas del Socorro,2025,5,82.1,263.4,0,0,1,1330
68524,Palmas del Socorro,2025,6,92.3,82.1,0,0,1,1330
68524,Palmas del Socorro,2025,7,155.2,92.3,1,1,1,1330
68524,Palmas del Socorro,2025,8,142.7,155.2,1,1,2,1330
68524,Palmas del Socorro,2025,9,73.8,142.7,0,0,3,1330
68524,Palmas del Socorro,2025,10,134.2,73.8,0,0,3,1330
68524,Palmas del Socorro,2025,11,327.0,134.2,0,0,3,1330
68524,Palmas del Socorro,2025,12,27.1,327.0,0,0,3,1330
68533,Páramo,2025,1,42.9,58.9,0,0,2,1320
68533,Páramo,2025,2,33.9,42.9,0,0,2,1320
68533,Páramo,2025,3,219.7,33.9,0,0,2,1320
68533,Páramo,2025,4,337.0,219.7,0,0,1,1320
68533,Páramo,2025,5,150.3,337.0,0,0,1,1320
68533,Páramo,2025,6,118.1,150.3,0,0,1,1320
68533,Páramo,2025,7,115.0,118.1,0,0,1,1320
68533,Páramo,2025,8,239.4,115.0,0,0,0,1320
68533,Páramo,2025,9,118.3,239.4,0,0,0,1320
68533,Páramo,2025,10,260.3,118.3,0,0,0,1320
68533,Páramo,2025,11,142.2,260.3,0,0,0,1320
68533,Páramo,2025,12,80.2,142.2,0,0,0,1320
68547,Piedecuesta,2025,1,28.4,27.2,0,0,0,1005
68547,Piedecuesta,2025,2,68.8,28.4,0,0,0,1005
68547,Piedecuesta,2025,3,145.8,68.8,0,0,0,1005
68547,Piedecuesta,2025,4,715.0,145.8,0,0,0,1005
68547,Piedecuesta,2025,5,91.1,715.0,0,0,0,1005
68547,Piedecuesta,2025,6,145.5,91.1,0,0,0,1005
68547,Piedecuesta,2025,7,123.2,145.5,0,0,0,1005
68547,Piedecuesta,2025,8,102.4,123.2,0,0,0,1005
68547,Piedecuesta,2025,9,80.2,102.4,0,0,0,1005
68547,Piedecuesta,2025,10,381.5,80.2,0,0,0,1005
68547,Piedecuesta,2025,11,448.3,381.5,2,1,0,1005
68547,Piedecuesta,2025,12,50.5,448.3,0,0,2,1005
68549,Pinchote,2025,1,51.2,29.8,0,0,2,1280
68549,Pinchote,2025,2,23.9,51.2,0,0,2,1280
68549,Pinchote,2025,3,142.5,23.9,0,0,2,1280
68549,Pinchote,2025,4,273.4,142.5,0,0,2,1280
68549,Pinchote,2025,5,71.4,273.4,0,0,2,1280
68549,Pinchote,2025,6,107.0,71.4,0,0,2,1280
68549,Pinchote,2025,7,65.6,107.0,0,0,2,1280
68549,Pinchote,2025,8,85.4,65.6,0,0,2,1280
68549,Pinchote,2025,9,84.1,85.4,0,0,1,1280
68549,Pinchote,2025,10,223.8,84.1,0,0,1,1280
68549,Pinchote,2025,11,181.8,223.8,0,0,1,1280
68549,Pinchote,2025,12,77.1,181.8,1,1,0,1280
68572,Puente Nacional,2025,1,49.8,53.9,0,0,3,1625
68572,Puente Nacional,2025,2,35.1,49.8,1,0,3,1625
68572,Puente Nacional,2025,3,151.4,35.1,0,0,4,1625
68572,Puente Nacional,2025,4,301.6,151.4,1,1,4,1625
68572,Puente Nacional,2025,5,96.3,301.6,0,0,5,1625
68572,Puente Nacional,2025,6,89.1,96.3,0,0,5,1625
68572,Puente Nacional,2025,7,98.2,89.1,0,0,5,1625
68572,Puente Nacional,2025,8,91.7,98.2,0,0,4,1625
68572,Puente Nacional,2025,9,139.9,91.7,0,0,3,1625
68572,Puente Nacional,2025,10,200.2,139.9,0,0,3,1625
68572,Puente Nacional,2025,11,304.1,200.2,0,0,3,1625
68572,Puente Nacional,2025,12,72.4,304.1,0,0,3,1625
68573,Puerto Parra,2025,1,75.9,160.6,0,0,1,125
68573,Puerto Parra,2025,2,65.1,75.9,0,0,1,125
68573,Puerto Parra,2025,3,399.3,65.1,0,0,1,125
68573,Puerto Parra,2025,4,602.5,399.3,1,0,1,125
68573,Puerto Parra,2025,5,238.7,602.5,0,0,2,125
68573,Puerto Parra,2025,6,119.5,238.7,0,0,1,125
68573,Puerto Parra,2025,7,290.4,119.5,0,0,1,125
68573,Puerto Parra,2025,8,232.2,290.4,0,0,1,125
68573,Puerto Parra,2025,9,167.6,232.2,0,0,1,125
68573,Puerto Parra,2025,10,615.6,167.6,0,0,1,125
68573,Puerto Parra,2025,11,741.9,615.6,0,0,1,125
68573,Puerto Parra,2025,12,144.9,741.9,0,0,1,125
68575,Puerto Wilches,2025,1,73.1,63.9,0,0,1,50
68575,Puerto Wilches,2025,2,81.6,73.1,0,0,1,50
68575,Puerto Wilches,2025,3,193.4,81.6,0,0,1,50
68575,Puerto Wilches,2025,4,463.1,193.4,1,0,1,50
68575,Puerto Wilches,2025,5,165.6,463.1,0,0,2,50
68575,Puerto Wilches,2025,6,296.1,165.6,0,0,2,50
68575,Puerto Wilches,2025,7,142.8,296.1,1,0,2,50
68575,Puerto Wilches,2025,8,203.3,142.8,0,0,3,50
68575,Puerto Wilches,2025,9,199.5,203.3,0,0,3,50
68575,Puerto Wilches,2025,10,637.3,199.5,0,0,3,50
68575,Puerto Wilches,2025,11,550.1,637.3,0,0,2,50
68575,Puerto Wilches,2025,12,251.7,550.1,1,0,2,50
68615,Rionegro,2025,1,31.9,34.3,1,0,1,650
68615,Rionegro,2025,2,52.4,31.9,0,0,2,650
68615,Rionegro,2025,3,210.6,52.4,0,0,2,650
68615,Rionegro,2025,4,440.2,210.6,0,0,2,650
68615,Rionegro,2025,5,88.9,440.2,0,0,2,650
68615,Rionegro,2025,6,91.6,88.9,0,0,2,650
68615,Rionegro,2025,7,89.8,91.6,0,0,2,650
68615,Rionegro,2025,8,99.4,89.8,0,0,2,650
68615,Rionegro,2025,9,190.6,99.4,0,0,2,650
68615,Rionegro,2025,10,300.2,190.6,0,0,2,650
68615,Rionegro,2025,11,232.0,300.2,0,0,1,650
68615,Rionegro,2025,12,37.5,232.0,0,0,1,650
68655,Sabana de Torres,2025,1,88.2,70.1,0,0,3,110
68655,Sabana de Torres,2025,2,81.3,88.2,0,0,3,110
68655,Sabana de Torres,2025,3,175.6,81.3,0,0,3,110
68655,Sabana de Torres,2025,4,773.0,175.6,0,0,3,110
68655,Sabana de Torres,2025,5,224.5,773.0,0,0,3,110
68655,Sabana de Torres,2025,6,307.1,224.5,0,0,3,110
68655,Sabana de Torres,2025,7,213.8,307.1,0,0,2,110
68655,Sabana de Torres,2025,8,223.6,213.8,0,0,2,110
68655,Sabana de Torres,2025,9,189.1,223.6,0,0,2,110
68655,Sabana de Torres,2025,10,385.4,189.1,0,0,2,110
68655,Sabana de Torres,2025,11,859.3,385.4,0,0,0,110
68655,Sabana de Torres,2025,12,131.9,859.3,0,0,0,110
68669,San Andrés,2025,1,31.6,57.1,0,0,1,1650
68669,San Andrés,2025,2,69.3,31.6,0,0,1,1650
68669,San Andrés,2025,3,460.3,69.3,1,1,1,1650
68669,San Andrés,2025,4,257.4,460.3,2,1,2,1650
68669,San Andrés,2025,5,126.3,257.4,0,0,4,1650
68669,San Andrés,2025,6,148.0,126.3,0,0,4,1650
68669,San Andrés,2025,7,111.1,148.0,0,0,4,1650
68669,San Andrés,2025,8,206.0,111.1,0,0,3,1650
68669,San Andrés,2025,9,187.7,206.0,1,1,3,1650
68669,San Andrés,2025,10,260.6,187.7,0,0,4,1650
68669,San Andrés,2025,11,333.0,260.6,0,0,4,1650
68669,San Andrés,2025,12,174.1,333.0,1,1,4,1650
68673,San Benito,2025,1,46.8,45.8,0,0,1,1570
68673,San Benito,2025,2,35.7,46.8,0,0,1,1570
68673,San Benito,2025,3,228.2,35.7,0,0,1,1570
68673,San Benito,2025,4,259.2,228.2,0,0,0,1570
68673,San Benito,2025,5,105.6,259.2,0,0,0,1570
68673,San Benito,2025,6,67.1,105.6,0,0,0,1570
68673,San Benito,2025,7,104.8,67.1,0,0,0,1570
68673,San Benito,2025,8,117.2,104.8,0,0,0,1570
68673,San Benito,2025,9,60.0,117.2,0,0,0,1570
68673,San Benito,2025,10,274.2,60.0,1,1,0,1570
68673,San Benito,2025,11,144.7,274.2,0,0,1,1570
68673,San Benito,2025,12,38.4,144.7,0,0,1,1570
68679,San Gil,2025,1,27.4,35.4,0,0,0,1114
68679,San Gil,2025,2,27.6,27.4,0,0,0,1114
68679,San Gil,2025,3,190.3,27.6,0,0,0,1114
68679,San Gil,2025,4,444.3,190.3,0,0,0,1114
68679,San Gil,2025,5,100.8,444.3,0,0,0,1114
68679,San Gil,2025,6,104.1,100.8,0,0,0,1114
68679,San Gil,2025,7,171.7,104.1,0,0,0,1114
68679,San Gil,2025,8,75.4,171.7,0,0,0,1114
68679,San Gil,2025,9,88.9,75.4,0,0,0,1114
68679,San Gil,2025,10,244.1,88.9,0,0,0,1114
68679,San Gil,2025,11,214.6,244.1,1,1,0,1114
68679,San Gil,2025,12,128.2,214.6,0,0,1,1114
68682,San Joaquín,2025,1,35.6,69.5,0,0,0,1600
68682,San Joaquín,2025,2,53.2,35.6,0,0,0,1600
68682,San Joaquín,2025,3,158.8,53.2,0,0,0,1600
68682,San Joaquín,2025,4,464.9,158.8,0,0,0,1600
68682,San Joaquín,2025,5,73.2,464.9,0,0,0,1600
68682,San Joaquín,2025,6,51.6,73.2,0,0,0,1600
68682,San Joaquín,2025,7,222.7,51.6,0,0,0,1600
68682,San Joaquín,2025,8,103.1,222.7,0,0,0,1600
68682,San Joaquín,2025,9,48.3,103.1,0,0,0,1600
68682,San Joaquín,2025,10,281.4,48.3,1,1,0,1600
68682,San Joaquín,2025,11,319.2,281.4,0,0,1,1600
68682,San Joaquín,2025,12,87.0,319.2,0,0,1,1600
68684,San José de Miranda,2025,1,107.9,28.5,0,0,0,2000
68684,San José de Miranda,2025,2,30.8,107.9,0,0,0,2000
68684,San José de Miranda,2025,3,163.6,30.8,0,0,0,2000
68684,San José de Miranda,2025,4,372.7,163.6,0,0,0,2000
68684,San José de Miranda,2025,5,266.2,372.7,0,0,0,2000
68684,San José de Miranda,2025,6,163.9,266.2,1,0,0,2000
68684,San José de Miranda,2025,7,81.8,163.9,0,0,1,2000
68684,San José de Miranda,2025,8,148.7,81.8,0,0,1,2000
68684,San José de Miranda,2025,9,129.5,148.7,0,0,1,2000
68684,San José de Miranda,2025,10,248.5,129.5,0,0,1,2000
68684,San José de Miranda,2025,11,227.8,248.5,0,0,1,2000
68684,San José de Miranda,2025,12,72.8,227.8,0,0,1,2000
68686,San Miguel,2025,1,21.1,29.4,0,0,2,1480
68686,San Miguel,2025,2,74.3,21.1,0,0,1,1480
68686,San Miguel,2025,3,218.3,74.3,0,0,1,1480
68686,San Miguel,2025,4,370.1,218.3,1,1,1,1480
68686,San Miguel,2025,5,170.1,370.1,0,0,2,1480
68686,San Miguel,2025,6,87.2,170.1,0,0,2,1480
68686,San Miguel,2025,7,90.4,87.2,0,0,2,1480
68686,San Miguel,2025,8,55.2,90.4,0,0,2,1480
68686,San Miguel,2025,9,85.6,55.2,0,0,2,1480
68686,San Miguel,2025,10,328.3,85.6,1,1,2,1480
68686,San Miguel,2025,11,203.9,328.3,1,1,2,1480
68686,San Miguel,2025,12,54.4,203.9,0,0,3,1480
68689,San Vicente de Chucurí,2025,1,49.1,43.6,0,0,0,690
68689,San Vicente de Chucurí,2025,2,33.9,49.1,0,0,0,690
68689,San Vicente de Chucurí,2025,3,97.0,33.9,0,0,0,690
68689,San Vicente de Chucurí,2025,4,345.0,97.0,0,0,0,690
68689,San Vicente de Chucurí,2025,5,163.4,345.0,0,0,0,690
68689,San Vicente de Chucurí,2025,6,78.8,163.4,0,0,0,690
68689,San Vicente de Chucurí,2025,7,85.4,78.8,0,0,0,690
68689,San Vicente de Chucurí,2025,8,171.2,85.4,0,0,0,690
68689,San Vicente de Chucurí,2025,9,112.5,171.2,0,0,0,690
68689,San Vicente de Chucurí,2025,10,196.7,112.5,0,0,0,690
68689,San Vicente de Chucurí,2025,11,338.7,196.7,0,0,0,690
68689,San Vicente de Chucurí,2025,12,78.0,338.7,0,0,0,690
68705,Santa Bárbara,2025,1,41.7,34.8,0,0,2,1590
68705,Santa Bárbara,2025,2,94.9,41.7,0,0,2,1590
68705,Santa Bárbara,2025,3,199.3,94.9,0,0,2,1590
68705,Santa Bárbara,2025,4,422.3,199.3,1,1,2,1590
68705,Santa Bárbara,2025,5,91.2,422.3,0,0,3,1590
68705,Santa Bárbara,2025,6,69.8,91.2,0,0,2,1590
68705,Santa Bárbara,2025,7,202.6,69.8,0,0,2,1590
68705,Santa Bárbara,2025,8,79.5,202.6,0,0,2,1590
68705,Santa Bárbara,2025,9,164.0,79.5,0,0,2,1590
68705,Santa Bárbara,2025,10,596.3,164.0,0,0,2,1590
68705,Santa Bárbara,2025,11,372.3,596.3,1,1,1,1590
68705,Santa Bárbara,2025,12,46.3,372.3,0,0,2,1590
68720,Santa Helena del Opón,2025,1,38.8,47.4,0,0,1,500
68720,Santa Helena del Opón,2025,2,87.6,38.8,0,0,1,500
68720,Santa Helena del Opón,2025,3,156.3,87.6,0,0,1,500
68720,Santa Helena del Opón,2025,4,296.0,156.3,1,1,0,500
68720,Santa Helena del Opón,2025,5,64.4,296.0,1,1,1,500
68720,Santa Helena del Opón,2025,6,96.4,64.4,0,0,2,500
68720,Santa Helena del Opón,2025,7,82.4,96.4,0,0,2,500
68720,Santa Helena del Opón,2025,8,122.2,82.4,0,0,2,500
68720,Santa Helena del Opón,2025,9,221.3,122.2,1,1,2,500
68720,Santa Helena del Opón,2025,10,366.0,221.3,0,0,3,500
68720,Santa Helena del Opón,2025,11,170.4,366.0,0,0,3,500
68720,Santa Helena del Opón,2025,12,61.5,170.4,0,0,3,500
68745,Simacota,2025,1,32.2,27.2,0,0,0,1200
68745,Simacota,2025,2,40.1,32.2,0,0,0,1200
68745,Simacota,2025,3,169.8,40.1,0,0,0,1200
68745,Simacota,2025,4,418.5,169.8,0,0,0,1200
68745,Simacota,2025,5,93.9,418.5,0,0,0,1200
68745,Simacota,2025,6,88.3,93.9,0,0,0,1200
68745,Simacota,2025,7,169.4,88.3,0,0,0,1200
68745,Simacota,2025,8,62.0,169.4,0,0,0,1200
68745,Simacota,2025,9,47.8,62.0,0,0,0,1200
68745,Simacota,2025,10,317.1,47.8,0,0,0,1200
68745,Simacota,2025,11,170.2,317.1,1,1,0,1200
68745,Simacota,2025,12,48.8,170.2,0,0,1,1200
68755,Socorro,2025,1,22.9,27.8,0,0,0,1230
68755,Socorro,2025,2,22.6,22.9,0,0,0,1230
68755,Socorro,2025,3,202.8,22.6,0,0,0,1230
68755,Socorro,2025,4,414.2,202.8,0,0,0,1230
68755,Socorro,2025,5,145.7,414.2,0,0,0,1230
68755,Socorro,2025,6,98.0,145.7,0,0,0,1230
68755,Socorro,2025,7,131.8,98.0,0,0,0,1230
68755,Socorro,2025,8,122.8,131.8,0,0,0,1230
68755,Socorro,2025,9,157.6,122.8,0,0,0,1230
68755,Socorro,2025,10,333.9,157.6,1,1,0,1230
68755,Socorro,2025,11,256.3,333.9,2,1,1,1230
68755,Socorro,2025,12,48.1,256.3,0,0,3,1230
68770,Suaita,2025,1,73.8,35.7,0,0,1,1500
68770,Suaita,2025,2,40.2,73.8,0,0,1,1500
68770,Suaita,2025,3,161.6,40.2,0,0,1,1500
68770,Suaita,2025,4,281.3,161.6,0,0,0,1500
68770,Suaita,2025,5,47.0,281.3,0,0,0,1500
68770,Suaita,2025,6,137.8,47.0,0,0,0,1500
68770,Suaita,2025,7,67.6,137.8,0,0,0,1500
68770,Suaita,2025,8,48.5,67.6,0,0,0,1500
68770,Suaita,2025,9,105.0,48.5,0,0,0,1500
68770,Suaita,2025,10,152.5,105.0,0,0,0,1500
68770,Suaita,2025,11,194.3,152.5,0,0,0,1500
68770,Suaita,2025,12,83.6,194.3,0,0,0,1500
68773,Sucre,2025,1,37.0,53.9,0,0,2,2400
68773,Sucre,2025,2,39.5,37.0,0,0,2,2400
68773,Sucre,2025,3,112.5,39.5,0,0,2,2400
68773,Sucre,2025,4,364.7,112.5,0,0,2,2400
68773,Sucre,2025,5,120.9,364.7,0,0,2,2400
68773,Sucre,2025,6,130.1,120.9,0,0,2,2400
68773,Sucre,2025,7,86.4,130.1,0,0,2,2400
68773,Sucre,2025,8,124.2,86.4,0,0,2,2400
68773,Sucre,2025,9,150.2,124.2,0,0,2,2400
68773,Sucre,2025,10,328.9,150.2,0,0,2,2400
68773,Sucre,2025,11,230.6,328.9,0,0,1,2400
68773,Sucre,2025,12,89.6,230.6,0,0,0,2400
68780,Suratá,2025,1,37.7,36.8,0,0,3,1800
68780,Suratá,2025,2,48.1,37.7,0,0,3,1800
68780,Suratá,2025,3,264.6,48.1,0,0,2,1800
68780,Suratá,2025,4,241.8,264.6,0,0,2,1800
68780,Suratá,2025,5,235.8,241.8,0,0,2,1800
68780,Suratá,2025,6,70.3,235.8,0,0,2,1800
68780,Suratá,2025,7,100.1,70.3,0,0,2,1800
68780,Suratá,2025,8,162.6,100.1,0,0,2,1800
68780,Suratá,2025,9,104.4,162.6,0,0,2,1800
68780,Suratá,2025,10,499.2,104.4,1,1,2,1800
68780,Suratá,2025,11,320.6,499.2,1,1,2,1800
68780,Suratá,2025,12,79.9,320.6,0,0,2,1800
68820,Tona,2025,1,38.5,44.1,0,0,2,1900
68820,Tona,2025,2,60.5,38.5,0,0,2,1900
68820,Tona,2025,3,158.6,60.5,1,1,2,1900
68820,Tona,2025,4,130.7,158.6,1,0,3,1900
68820,Tona,2025,5,126.2,130.7,0,0,3,1900
68820,Tona,2025,6,175.6,126.2,0,0,3,1900
68820,Tona,2025,7,82.5,175.6,0,0,3,1900
68820,Tona,2025,8,125.9,82.5,0,0,3,1900
68820,Tona,2025,9,68.1,125.9,0,0,3,1900
68820,Tona,2025,10,202.9,68.1,0,0,3,1900
68820,Tona,2025,11,485.2,202.9,0,0,2,1900
68820,Tona,2025,12,47.0,485.2,0,0,2,1900
68855,Valle de San José,2025,1,97.5,65.6,0,0,0,1370
68855,Valle de San José,2025,2,40.1,97.5,0,0,0,1370
68855,Valle de San José,2025,3,101.5,40.1,0,0,0,1370
68855,Valle de San José,2025,4,237.7,101.5,2,1,0,1370
68855,Valle de San José,2025,5,316.2,237.7,0,0,2,1370
68855,Valle de San José,2025,6,85.9,316.2,0,0,2,1370
68855,Valle de San José,2025,7,153.9,85.9,0,0,2,1370
68855,Valle de San José,2025,8,140.2,153.9,0,0,2,1370
68855,Valle de San José,2025,9,88.4,140.2,0,0,2,1370
68855,Valle de San José,2025,10,175.7,88.4,0,0,2,1370
68855,Valle de San José,2025,11,291.5,175.7,0,0,2,1370
68855,Valle de San José,2025,12,87.5,291.5,0,0,2,1370
68861,Vélez,2025,1,40.0,45.5,0,0,0,2150
68861,Vélez,2025,2,18.3,40.0,0,0,0,2150
68861,Vélez,2025,3,104.4,18.3,0,0,0,2150
68861,Vélez,2025,4,267.4,104.4,0,0,0,2150
68861,Vélez,2025,5,164.8,267.4,0,0,0,2150
68861,Vélez,2025,6,86.3,164.8,0,0,0,2150
68861,Vélez,2025,7,99.4,86.3,0,0,0,2150
68861,Vélez,2025,8,98.5,99.4,0,0,0,2150
68861,Vélez,2025,9,51.8,98.5,0,0,0,2150
68861,Vélez,2025,10,438.9,51.8,0,0,0,2150
68861,Vélez,2025,11,282.7,438.9,1,1,0,2150
68861,Vélez,2025,12,56.8,282.7,0,0,1,2150
68867,Vetas,2025,1,56.1,41.5,0,0,1,3350
68867,Vetas,2025,2,99.2,56.1,0,0,1,3350
68867,Vetas,2025,3,154.6,99.2,0,0,1,3350
68867,Vetas,2025,4,192.3,154.6,0,0,1,3350
68867,Vetas,2025,5,140.0,192.3,0,0,1,3350
68867,Vetas,2025,6,87.9,140.0,0,0,1,3350
68867,Vetas,2025,7,104.2,87.9,0,0,1,3350
68867,Vetas,2025,8,71.4,104.2,0,0,1,3350
68867,Vetas,2025,9,93.6,71.4,0,0,1,3350
68867,Vetas,2025,10,247.6,93.6,0,0,0,3350
68867,Vetas,2025,11,337.7,247.6,0,0,0,3350
68867,Vetas,2025,12,69.4,337.7,0,0,0,3350
68872,Villanueva,2025,1,44.1,23.6,0,0,1,1600
68872,Villanueva,2025,2,30.3,44.1,0,0,1,1600
68872,Villanueva,2025,3,127.2,30.3,0,0,1,1600
68872,Villanueva,2025,4,222.9,127.2,0,0,1,1600
68872,Villanueva,2025,5,31.6,222.9,0,0,1,1600
68872,Villanueva,2025,6,26.9,31.6,0,0,1,1600
68872,Villanueva,2025,7,63.7,26.9,0,0,1,1600
68872,Villanueva,2025,8,71.9,63.7,0,0,1,1600
68872,Villanueva,2025,9,68.9,71.9,0,0,1,1600
68872,Villanueva,2025,10,133.6,68.9,0,0,0,1600
68872,Villanueva,2025,11,144.3,133.6,0,0,0,1600
68872,Villanueva,2025,12,10.9,144.3,0,0,0,1600
68895,Zapatoca,2025,1,41.9,45.7,1,0,2,1720
68895,Zapatoca,2025,2,46.4,41.9,0,0,3,1720
68895,Zapatoca,2025,3,227.0,46.4,0,0,3,1720
68895,Zapatoca,2025,4,694.3,227.0,0,0,3,1720
68895,Zapatoca,2025,5,72.0,694.3,1,1,3,1720
68895,Zapatoca,2025,6,75.8,72.0,0,0,3,1720
68895,Zapatoca,2025,7,119.2,75.8,0,0,3,1720
68895,Zapatoca,2025,8,71.1,119.2,0,0,3,1720
68895,Zapatoca,2025,9,45.2,71.1,0,0,3,1720
68895,Zapatoca,2025,10,300.8,45.2,0,0,3,1720
68895,Zapatoca,2025,11,247.9,300.8,0,0,2,1720
68895,Zapatoca,2025,12,49.9,247.9,0,0,2,1720
